[{"model": "shop.product", "pk": "atom-87-mk876-v2-rgb-tkl", "fields": {"name": "FANTECH ATOM 87 MK876 V2 RGB TKL (SUMI EDITION) | WIRED MECHANICAL GAMING KEYBOARD", "seo_friendly_name": "ATOM 87 MK876 V2 RGB TKL", "emi": false, "category": 2, "sub_category": 1, "brand": 3, "series": null, "old_price": 6299.0, "price": 3199, "description": "<p><strong>LED</strong> : Spectrum RGB Illumination (13 Mode)<br />\r\nDouble Injection Keycaps<br />\r\nDetachable Caps And Switch<br />\r\n<em><strong>Switch Color : Red Switches</strong></em><br />\r\n<strong>Total keys</strong>: 87, Anti-ghosting: 25 keys<br />\r\n3 pin Hot Swappable Switches<br />\r\nAdjustable Feet</p>", "meta_description": "Buy the best quality authentic Fantech ATOM 87 MK876 V2 RGB TKL in Nepal at best price only @Digitech Enterprises", "meta_keywords": "Mechanical keyboards price in Nepal, Best keyboard in Nepal, Best price keyboard Nepal", "published_date": "2025-04-03"}}, {"model": "shop.product", "pk": "dell-inspiron-14-5430", "fields": {"name": "Dell Inspiron 14 5430 with Intel Core i5 - 1335U Processor ( 8GB RAM ,1TB SSD , Intel Iris Xe , Finger Print Reader, 14\" FHD+ Display ,Backlit Keyboard)", "seo_friendly_name": "Dell Inspiron 14 5430", "emi": false, "category": 1, "sub_category": null, "brand": 2, "series": 1, "old_price": 125999.0, "price": 94999, "description": "<p>Key Specification:</p>\r\n\r\n<ul>\r\n\t<li>13th Generation Intel Core i5-1335U Processor</li>\r\n\t<li>8 GB RAM | 1TB SSD Storage</li>\r\n\t<li>14 Inches FHD+ (1920 x 1200) IPS Display</li>\r\n\t<li>Backlit Keyboard | Finger Print Reader</li>\r\n\t<li>1 Year Warranty | Intel Iris Xe Graphics</li>\r\n\t<li>Free Laptop Bag, Mouse, Mousepad</li>\r\n</ul>", "meta_description": "Buy Dell Inspiron 14 5430 in Nepal at the best price just for RS 94999.  With Intel i5 1335U Processor, 8GB RAM, 1TB SSD, and a FHD+ 14'' display, elevate your experience today with Digitech Enterprises.", "meta_keywords": "Dell Inspiron in Nepal, Best dell laptop in Nepal, Best price Laptop in Nepal, Dell Inspiron Nepal", "published_date": "2025-04-02"}}, {"model": "shop.product", "pk": "dell-inspiron-14-7445", "fields": {"name": "Dell Inspiron 14 7445 2-in-1 Laptop with AMD Ryzen 5 8640HS Processor ( 16GB RAM , 512GB SSD Storage , 14\" FHD+ (1920 x 1200) Touch IPS Display , AMD Radeon Graphics , Windows 11 , Fingerprint Reader ,1 Year Warranty)", "seo_friendly_name": "Dell Inspiron 14 7445", "emi": false, "category": 1, "sub_category": null, "brand": 2, "series": 1, "old_price": 98000.0, "price": 94499, "description": "<p>Key Specification:</p>\r\n\r\n<ul>\r\n\t<li>AMD Ryzen 5 8640HS Processor</li>\r\n\t<li>16GB RAM | 512GB SSD Storage</li>\r\n\t<li>14&quot; FHD+ (1920 x 1200) Touch IPS Display</li>\r\n\t<li>AMD Radeon Graphics | Genuine Windows 11</li>\r\n\t<li>Free Laptop Bag, Mouse and Mousepad</li>\r\n</ul>", "meta_description": "Buy Dell Inspiron 14 7445 in Nepal at the best price just for RS 85999.  With AMD Ryzen 5 8640HS Processor, 16GB RAM, 512GB SSD, and a FHD 14'' display, elevate your experience today with Digitech Enterprises.", "meta_keywords": "Dell Inspiron in Nepal, Best dell laptop in Nepal, Best price Laptop in Nepal, Dell Inspiron Nepal", "published_date": "2025-04-02"}}, {"model": "shop.product", "pk": "dell-inspiron-15-3520", "fields": {"name": "Dell Inspiron 15 3520  with Intel Core i7 - 1255U Processor (8GB RAM , 512GB SSD , Intel UHD Graphics , 15.6\" FHD Display and UBT )", "seo_friendly_name": "Dell Inspiron 15 3520", "emi": false, "category": 1, "sub_category": null, "brand": 2, "series": 1, "old_price": 119500.0, "price": 85999, "description": "<p>Key Specification:</p>\r\n\r\n<ul>\r\n\t<li>12th Generation Intel Core i7-1255U Processor</li>\r\n\t<li>8 GB DDR4 RAM | 512 GB SSD</li>\r\n\t<li>15.6 Inches FHD Display | Intel UHD Graphics</li>\r\n\t<li>2 Year Warranty | Windows 11 Home</li>\r\n\t<li>Free Laptop Bag, Mouse, Mousepad</li>\r\n</ul>", "meta_description": "Buy Dell Inspiron 15 3520 in Nepal at the best price just for RS 85999.  With AMD Ryzen 5 7520U processor, 8GB RAM, 512GB SSD, and a FHD 120Hz display, elevate your experience today with Digitech Enterprises.", "meta_keywords": "Dell Inspiron in Nepal, Best dell laptop in Nepal, Best price Laptop in Nepal, Dell Inspiron Nepal", "published_date": "2025-04-02"}}, {"model": "shop.product", "pk": "dell-inspiron-15-3530", "fields": {"name": "Dell Inspiron 15 3530  with Intel Core i5 - 1335U Processor (8GB RAM , 512GB SSD , Intel UHD Graphics , 15.6\" FHD Display )", "seo_friendly_name": "Dell Inspiron 15 3530", "emi": false, "category": 1, "sub_category": null, "brand": 2, "series": 1, "old_price": 12400.0, "price": 91999, "description": "<ul>\r\n\t<li>13th Generation Intel Core i5-1335U Processor</li>\r\n\t<li>8 GB DDR4 RAM | 512 GB SSD</li>\r\n\t<li>15.6 Inches FHD Display | Intel UHD Graphics</li>\r\n\t<li>2 Year Warranty | Windows 11 Home</li>\r\n\t<li>Free Laptop Bag, Mouse, Mousepad</li>\r\n</ul>", "meta_description": "Dell Inspiron 15 at Best Price in Nepal only at Digitech Enterprises.", "meta_keywords": "Dell laptop price in Nepal,Dell Laptop best Nepal, Coding Laptop Nepal", "published_date": "2025-04-02"}}, {"model": "shop.product", "pk": "dell-inspiron-15-3535", "fields": {"name": "Dell Inspiron 15 3535 with AMD Ryzen 5 7520U Processor ( 8GB RAM , 512GB SSD , 15.6\" FHD (1920 x 1080) 120Hz IPS Display , Genuine With Warranty", "seo_friendly_name": "Dell Inspiron 15 3535", "emi": false, "category": 1, "sub_category": null, "brand": 2, "series": 1, "old_price": 93000.0, "price": 60999, "description": "<p>Key Specification:</p>\r\n\r\n<ul>\r\n\t<li>AMD Ryzen 5 7520U Processor</li>\r\n\t<li>8GB LPDDR5 RAM | 512GB SSD Storage</li>\r\n\t<li>15.6&quot; FHD (1920 x 1080) 120Hz IPS Display</li>\r\n\t<li>AMD Radeon 610M Graphics | Genuine Windows 11</li>\r\n\t<li>Free Laptop Bag, Mouse, and Mousepad</li>\r\n</ul>", "meta_description": "Buy Dell Inspiron 15 3535 in Nepal at the best price just for RS 60999.  With AMD Ryzen 5 7520U processor, 8GB RAM, 512GB SSD, and a FHD 120Hz display, elevate your experience today with Digitech Enterprises.", "meta_keywords": "Dell Inspiron in Nepal, Best dell laptop in Nepal, Best price Laptop in Nepal, Dell Inspiron Nepal", "published_date": "2025-04-02"}}, {"model": "shop.product", "pk": "dell-inspiron-16-5630", "fields": {"name": "Dell Inspiron 16 5630  with Intel Core i5 - 1335U Processor (8GB RAM  and 512GB SSD , Intel Iris Xe , Finger Print Reader,16\" FHD Display ,Backlit Keyboard )", "seo_friendly_name": "Dell Inspiron 16 5630", "emi": false, "category": 1, "sub_category": null, "brand": 2, "series": 1, "old_price": 110000.0, "price": 84999, "description": "<p>Key Specification:</p>\r\n\r\n<ul>\r\n\t<li>13th Generation Intel Core i5-1335U Processor</li>\r\n\t<li>8 GB LPDDR5 RAM |512GB M.2 PCIe NVMe SSD</li>\r\n\t<li>16 Inches FHD Display |Intel Iris Xe Graphics</li>\r\n\t<li>Backlit Keyboard | Finger Print Reader</li>\r\n\t<li>&nbsp;Year Warranty | Windows 11 Home</li>\r\n\t<li>Free Laptop Bag, Mouse, Mousepad</li>\r\n</ul>", "meta_description": "Dell Inspiron 16 at Best Price in Nepal only at Digitech Enterprises.", "meta_keywords": "Dell laptop price in Nepal,Dell Laptop best Nepal, Coding Laptop Nepal", "published_date": "2025-04-02"}}, {"model": "shop.product", "pk": "fantech-atom-pro83-mk913", "fields": {"name": "FANTECH Atom Pro83 MK913 Tri-Mode Mechanical Keyboard", "seo_friendly_name": "fantech Atom Pro83 MK913", "emi": false, "category": 2, "sub_category": 1, "brand": 3, "series": null, "old_price": 13999.0, "price": 7499, "description": "<p><strong>Features&nbsp;</strong></p>\r\n\r\n<p>&nbsp;</p>\r\n\r\n<ul>\r\n\t<li><em><strong>Switch type:&nbsp;Mechanical</strong></em></li>\r\n\t<li>Anti-ghosting:&nbsp;Full keys (NKRO)</li>\r\n\t<li><strong>Connection:&nbsp;Wireless 2.4GHz, BT 5.0, Wired</strong></li>\r\n\t<li>Material:&nbsp;ABS</li>\r\n\t<li>Weight:&nbsp;830 g</li>\r\n\t<li>Size:&nbsp;33013442 mm</li>\r\n\t<li><strong>Lighting:&nbsp;22 modes</strong></li>\r\n\t<li><strong>Sound absorbing:&nbsp;Silicon</strong></li>\r\n\t<li><strong>Side panel RGB:&nbsp;11 Spectrum Modes</strong></li>\r\n\t<li><strong>Built-in volume knob:&nbsp;Yes</strong></li>\r\n\t<li>Adjustable feet:&nbsp;Yes</li>\r\n</ul>", "meta_description": "Buy the best quality authentic Fantech ATOM 87 MK876 V2 RGB TKL in Nepal at best price only @Digitech Enterprises", "meta_keywords": "Mechanical keyboards price in Nepal, Best keyboard in Nepal, Best price keyboard Nepal", "published_date": "2025-04-03"}}, {"model": "shop.product", "pk": "mk875-v2-atom-81", "fields": {"name": "FANTECH MK875 V2 ATOM 81 (MIZU EDITION) | MECHANICAL KEYBOARD", "seo_friendly_name": "MK875 V2 ATOM 81", "emi": false, "category": 2, "sub_category": 1, "brand": 3, "series": null, "old_price": 5999.0, "price": 2999, "description": "<ul>\r\n\t<li>Adjustable Feet &ndash; Yes</li>\r\n\t<li>Lighting Mode &ndash; 17</li>\r\n\t<li>Materials &ndash; ABS</li>\r\n\t<li>Weight &ndash; 608.7g</li>\r\n\t<li><strong>Connection &ndash; Wired</strong></li>\r\n\t<li><em><strong>Switch Type &ndash; Mechanical</strong></em></li>\r\n\t<li>3 PIN Hot-Swappable Compatible with various 3 pin mechanical switches</li>\r\n</ul>", "meta_description": "Buy the best quality authentic Fantech MK875 V2 ATOM 81 (MIZU EDITION) in Nepal at best price only @Digitech Enterprises", "meta_keywords": "Mechanical keyboards price in Nepal, Best keyboard in Nepal, Best price keyboard Nepal", "published_date": "2025-04-03"}}, {"model": "shop.product", "pk": "mk890-v2-atom96", "fields": {"name": "FANTECH MK890 V2 ATOM96 (MIZU EDITION) | MECHANICAL KEYBOARD", "seo_friendly_name": "MK890 V2 ATOM96", "emi": false, "category": 2, "sub_category": 1, "brand": 3, "series": null, "old_price": 6299.0, "price": 3499, "description": "<ul>\r\n\t<li><strong>Number of keys : </strong>96 keys</li>\r\n\t<li><strong>Switch type : <em>Mechanical</em></strong></li>\r\n\t<li><strong>Anti Ghosting :</strong> All Keys</li>\r\n\t<li><strong>Connection : Wired</strong></li>\r\n\t<li><strong>Adjustable feet : </strong>Yes</li>\r\n\t<li><strong>Lighting Mode : 10</strong></li>\r\n\t<li><strong>Material : </strong>ABS</li>\r\n\t<li><strong>Weight :</strong> 720g</li>\r\n\t<li><strong>Size : </strong>385*135*35.5</li>\r\n</ul>", "meta_description": "Buy the best quality authentic Fantech MK890 V2 ATOM96 (MIZU EDITION) in Nepal at best price only @Digitech Enterprises", "meta_keywords": "Mechanical keyboards price in Nepal, Best keyboard in Nepal, Best price keyboard Nepal", "published_date": "2025-04-03"}}, {"model": "shop.product", "pk": "redragon-k530-wireless-keyboard", "fields": {"name": "Redragon K530 Draconic Pro RGB Wireless Mechanical Gaming Keyboard", "seo_friendly_name": "Redragon K530 Wireless Keyboard", "emi": false, "category": 2, "sub_category": 1, "brand": 4, "series": null, "old_price": 7500.0, "price": 6799, "description": "<ul>\r\n\t<li>\r\n\t<p><u><strong>Redragon K530 Draconic 60% Compact RGB Wireless Mechanical Keyboard&nbsp;SPECS:</strong></u></p>\r\n\r\n\t<p>Keyboard Weight:&nbsp; 0.8 Kg</p>\r\n\r\n\t<p>Keyboard Dimensions:&nbsp;291.7*101.7*36 mm</p>\r\n\r\n\t<p><strong>Key Switches: Redragon Mechanical Brown Switches</strong></p>\r\n\r\n\t<p><strong>USB Connector: Detachable Type-C Cable</strong></p>\r\n\r\n\t<p><strong>Keyboard Connectivity: Wired/Wireless (Bluetooth v5.0)</strong></p>\r\n\r\n\t<p>Matrix: 61&nbsp;Keys (Full Rollover)</p>\r\n\r\n\t<p>Height Adjustable: Yes</p>\r\n\r\n\t<p><strong>Items include:</strong></p>\r\n\r\n\t<p><em>1 x Redragon K530 Wireless Keyboard</em></p>\r\n\r\n\t<p><em>2 x Switch Puller</em></p>\r\n\r\n\t<p><em>1 x Switch Backup Box (4 Switches with Black/Red/Brown/Blue)</em></p>\r\n\r\n\t<p><em>1 x User manual</em></p>\r\n\t</li>\r\n</ul>", "meta_description": "Buy the best quality authentic Redragon K530 Draconic Pro in Nepal at best price only @Digitech Enterprises", "meta_keywords": "Redragon Keyboard in Nepal,Mechanical keyboards price in Nepal, Best keyboard in Nepal, Best price keyboard Nepal", "published_date": "2025-04-03"}}, {"model": "shop.productimage", "pk": 5, "fields": {"product": "dell-inspiron-15-3535", "image": "shop/images/Dell_Inspiron_15_3535.webp"}}, {"model": "shop.productimage", "pk": 6, "fields": {"product": "dell-inspiron-15-3535", "image": "shop/images/dell-inspiron-15-3535.webp"}}, {"model": "shop.productimage", "pk": 7, "fields": {"product": "dell-inspiron-15-3535", "image": "shop/images/dell-inspiron-15-3535-1.webp"}}, {"model": "shop.productimage", "pk": 8, "fields": {"product": "dell-inspiron-15-3535", "image": "shop/images/dell-inspiron-15-3535-2.webp"}}, {"model": "shop.productimage", "pk": 9, "fields": {"product": "dell-inspiron-16-5630", "image": "shop/images/mudita-imageformat_18_1.webp"}}, {"model": "shop.productimage", "pk": 10, "fields": {"product": "dell-inspiron-16-5630", "image": "shop/images/mudita-imageformat1_17_1.webp"}}, {"model": "shop.productimage", "pk": 11, "fields": {"product": "dell-inspiron-16-5630", "image": "shop/images/mudita-imageformat2_15_1.webp"}}, {"model": "shop.productimage", "pk": 12, "fields": {"product": "dell-inspiron-16-5630", "image": "shop/images/mudita-imageformat3_15_1.webp"}}, {"model": "shop.productimage", "pk": 13, "fields": {"product": "dell-inspiron-15-3520", "image": "shop/images/inspiron-15-3520_-i7_-1255u_.webp"}}, {"model": "shop.productimage", "pk": 14, "fields": {"product": "dell-inspiron-15-3520", "image": "shop/images/dell-inspiron-15-3520_-i7_-1255u-mudita.webp"}}, {"model": "shop.productimage", "pk": 15, "fields": {"product": "dell-inspiron-15-3520", "image": "shop/images/dell-inspiron-15-3520_-i7_-1255u-1_.webp"}}, {"model": "shop.productimage", "pk": 16, "fields": {"product": "dell-inspiron-15-3520", "image": "shop/images/dell-inspiron-15-3520_-i7_-1255u_.webp"}}, {"model": "shop.productimage", "pk": 17, "fields": {"product": "dell-inspiron-15-3530", "image": "shop/images/3530_black_dell_1.webp"}}, {"model": "shop.productimage", "pk": 18, "fields": {"product": "dell-inspiron-15-3530", "image": "shop/images/3530_black_dell_2.webp"}}, {"model": "shop.productimage", "pk": 19, "fields": {"product": "dell-inspiron-15-3530", "image": "shop/images/3530_black_dell_4.webp"}}, {"model": "shop.productimage", "pk": 20, "fields": {"product": "dell-inspiron-14-7445", "image": "shop/images/dell-inspiron-14-7445-price-in-nepal-2024.webp"}}, {"model": "shop.productimage", "pk": 21, "fields": {"product": "dell-inspiron-14-7445", "image": "shop/images/dell-inspiron-14-7445-price-in-nepal.webp"}}, {"model": "shop.productimage", "pk": 22, "fields": {"product": "dell-inspiron-14-7445", "image": "shop/images/dell-inspiron-14-7445-ports.webp"}}, {"model": "shop.productimage", "pk": 23, "fields": {"product": "dell-inspiron-14-7445", "image": "shop/images/dell-inspiron-14-7445-laptop.webp"}}, {"model": "shop.productimage", "pk": 24, "fields": {"product": "dell-inspiron-14-5430", "image": "shop/images/dell-inspiron-14-5430-i5-1335u_8_.jpg"}}, {"model": "shop.productimage", "pk": 25, "fields": {"product": "dell-inspiron-14-5430", "image": "shop/images/dell-inspiron-14-5430-i5-1335u_9_.jpg"}}, {"model": "shop.productimage", "pk": 26, "fields": {"product": "dell-inspiron-14-5430", "image": "shop/images/dell-inspiron-14-5430-i5-1335u_6_.jpg"}}, {"model": "shop.productimage", "pk": 27, "fields": {"product": "dell-inspiron-14-5430", "image": "shop/images/dell-inspiron-14-5430-i5-1335u_5_.jpg"}}, {"model": "shop.productimage", "pk": 28, "fields": {"product": "atom-87-mk876-v2-rgb-tkl", "image": "shop/images/ATOM-MK876-RGB-Gaming-Mechanical-Keyboard-TKL-3.jpg"}}, {"model": "shop.productimage", "pk": 29, "fields": {"product": "atom-87-mk876-v2-rgb-tkl", "image": "shop/images/ATOM-MK876-RGB-Gaming-Mechanical-Keyboard-TKL-4.jpg"}}, {"model": "shop.productimage", "pk": 30, "fields": {"product": "atom-87-mk876-v2-rgb-tkl", "image": "shop/images/ATOM-MK876-RGB-Gaming-Mechanical-Keyboard-TKL-5.jpg"}}, {"model": "shop.productimage", "pk": 31, "fields": {"product": "atom-87-mk876-v2-rgb-tkl", "image": "shop/images/ATOM-MK876-RGB-Gaming-Mechanical-Keyboard-TKL-1.jpg"}}, {"model": "shop.productimage", "pk": 32, "fields": {"product": "mk890-v2-atom96", "image": "shop/images/MK890_V2_ATOM_96_MIZU_EDITION_1.jpg"}}, {"model": "shop.productimage", "pk": 33, "fields": {"product": "mk890-v2-atom96", "image": "shop/images/mk890-v2-atom96-mizu-edition-mechanical-keyboard-3.png"}}, {"model": "shop.productimage", "pk": 35, "fields": {"product": "mk890-v2-atom96", "image": "shop/images/mk890_daraz.webp"}}, {"model": "shop.productimage", "pk": 36, "fields": {"product": "mk875-v2-atom-81", "image": "shop/images/mk875-1.jpg"}}, {"model": "shop.productimage", "pk": 40, "fields": {"product": "mk875-v2-atom-81", "image": "shop/images/mk875-2.png"}}, {"model": "shop.productimage", "pk": 41, "fields": {"product": "mk875-v2-atom-81", "image": "shop/images/mk-875-3.png"}}, {"model": "shop.productimage", "pk": 42, "fields": {"product": "fantech-atom-pro83-mk913", "image": "shop/images/atom_pro_83_2.jpg"}}, {"model": "shop.productimage", "pk": 43, "fields": {"product": "redragon-k530-wireless-keyboard", "image": "shop/images/redragon-k530.jpg"}}, {"model": "shop.productimage", "pk": 44, "fields": {"product": "redragon-k530-wireless-keyboard", "image": "shop/images/redragon-k530-1.jpg"}}, {"model": "shop.productimage", "pk": 45, "fields": {"product": "redragon-k530-wireless-keyboard", "image": "shop/images/k530rgb-draconic-w2.jpg"}}, {"model": "shop.productimage", "pk": 46, "fields": {"product": "redragon-k530-wireless-keyboard", "image": "shop/images/k530rgb-draconic-w3.jpg"}}, {"model": "shop.productattribute", "pk": 1, "fields": {"product": "dell-inspiron-15-3535", "attribute": "Processor", "value": "AMD Ryzen™ 5 7520U Processor with 4 Cores, 8 Threads, up to 4.3GHz Max Turbo Boost and 4MB L3 Cache"}}, {"model": "shop.productattribute", "pk": 2, "fields": {"product": "dell-inspiron-15-3535", "attribute": "Memory", "value": "8GB LPDDR5-5500 MT/s RAM"}}, {"model": "shop.productattribute", "pk": 3, "fields": {"product": "dell-inspiron-15-3535", "attribute": "Storage", "value": "512 GB, M.2, PCIe NVMe, SSD"}}, {"model": "shop.productattribute", "pk": 4, "fields": {"product": "dell-inspiron-15-3535", "attribute": "Graphics", "value": "AMD Radeon™ 610M"}}, {"model": "shop.productattribute", "pk": 5, "fields": {"product": "dell-inspiron-15-3535", "attribute": "Display", "value": "15.6\", Non-Touch, FHD 1920x1080, 120Hz, WVA, IPS, Anti-Glare, 250 nit, Narrow Border, LED-Backlit"}}, {"model": "shop.productattribute", "pk": 6, "fields": {"product": "dell-inspiron-15-3535", "attribute": "Operating System", "value": "Windows 11 Home"}}, {"model": "shop.productattribute", "pk": 7, "fields": {"product": "dell-inspiron-15-3535", "attribute": "Keyboard", "value": ""}}, {"model": "shop.productattribute", "pk": 8, "fields": {"product": "dell-inspiron-15-3535", "attribute": "Wireless Connectivity", "value": ""}}, {"model": "shop.productattribute", "pk": 9, "fields": {"product": "dell-inspiron-15-3535", "attribute": "I/0 Ports", "value": ""}}, {"model": "shop.productattribute", "pk": 10, "fields": {"product": "dell-inspiron-15-3535", "attribute": "Slots", "value": ""}}, {"model": "shop.productattribute", "pk": 11, "fields": {"product": "dell-inspiron-15-3535", "attribute": "Camera", "value": ""}}, {"model": "shop.productattribute", "pk": 12, "fields": {"product": "dell-inspiron-15-3535", "attribute": "Audio & Speakers", "value": ""}}, {"model": "shop.productattribute", "pk": 13, "fields": {"product": "dell-inspiron-15-3535", "attribute": "Battery", "value": ""}}, {"model": "shop.productattribute", "pk": 14, "fields": {"product": "dell-inspiron-15-3535", "attribute": "Battery Life", "value": ""}}, {"model": "shop.productattribute", "pk": 15, "fields": {"product": "dell-inspiron-15-3535", "attribute": "Power", "value": ""}}, {"model": "shop.productattribute", "pk": 16, "fields": {"product": "dell-inspiron-15-3535", "attribute": "Warranty", "value": ""}}, {"model": "shop.productattribute", "pk": 17, "fields": {"product": "dell-inspiron-15-3535", "attribute": "Compliments", "value": ""}}, {"model": "shop.productattribute", "pk": 18, "fields": {"product": "dell-inspiron-16-5630", "attribute": "Processor", "value": "13th Generation Intel Core i5 1355U Processor (12MB Cache, 10 cores, 12 threads Up to 4.60 GHz)"}}, {"model": "shop.productattribute", "pk": 19, "fields": {"product": "dell-inspiron-16-5630", "attribute": "Memory", "value": "8GB LPDDR5 RAM"}}, {"model": "shop.productattribute", "pk": 20, "fields": {"product": "dell-inspiron-16-5630", "attribute": "Storage", "value": "512GB M.2 PCIe NVMe Solid State Drive"}}, {"model": "shop.productattribute", "pk": 21, "fields": {"product": "dell-inspiron-16-5630", "attribute": "Graphics", "value": "Intel Iris Xe Graphics"}}, {"model": "shop.productattribute", "pk": 22, "fields": {"product": "dell-inspiron-16-5630", "attribute": "Display", "value": "16 inch FHD (1920 x 1200) Display"}}, {"model": "shop.productattribute", "pk": 23, "fields": {"product": "dell-inspiron-16-5630", "attribute": "Operating System", "value": "Windows 11 Home 64-bit OS"}}, {"model": "shop.productattribute", "pk": 24, "fields": {"product": "dell-inspiron-16-5630", "attribute": "Keyboard", "value": "English International backlit Keyboard"}}, {"model": "shop.productattribute", "pk": 25, "fields": {"product": "dell-inspiron-16-5630", "attribute": "Wireless Connectivity", "value": ""}}, {"model": "shop.productattribute", "pk": 26, "fields": {"product": "dell-inspiron-16-5630", "attribute": "I/0 Ports", "value": ""}}, {"model": "shop.productattribute", "pk": 27, "fields": {"product": "dell-inspiron-16-5630", "attribute": "Slots", "value": ""}}, {"model": "shop.productattribute", "pk": 28, "fields": {"product": "dell-inspiron-16-5630", "attribute": "Camera", "value": "720P HD camera (1280 x 720 pixels) @ 30 fps"}}, {"model": "shop.productattribute", "pk": 29, "fields": {"product": "dell-inspiron-16-5630", "attribute": "Audio & Speakers", "value": "Stereo speakers, 2 W x 2 = 4 W total"}}, {"model": "shop.productattribute", "pk": 30, "fields": {"product": "dell-inspiron-16-5630", "attribute": "Battery", "value": "4-Cell 54 Watt-Hours (Integrated)"}}, {"model": "shop.productattribute", "pk": 31, "fields": {"product": "dell-inspiron-16-5630", "attribute": "Battery Life", "value": ""}}, {"model": "shop.productattribute", "pk": 32, "fields": {"product": "dell-inspiron-16-5630", "attribute": "Power", "value": ""}}, {"model": "shop.productattribute", "pk": 33, "fields": {"product": "dell-inspiron-16-5630", "attribute": "Warranty", "value": "1 Year"}}, {"model": "shop.productattribute", "pk": 34, "fields": {"product": "dell-inspiron-16-5630", "attribute": "Compliments", "value": "Laptop Bag, Mouse & Mousepad"}}, {"model": "shop.productattribute", "pk": 35, "fields": {"product": "dell-inspiron-15-3520", "attribute": "Processor", "value": "12th Generation Intel Core i7 1255U Processor (12MB Cache, Up to 4.7 GHz, 10 Cores)"}}, {"model": "shop.productattribute", "pk": 36, "fields": {"product": "dell-inspiron-15-3520", "attribute": "Memory", "value": "8GB DDR4 2666MHz RAM"}}, {"model": "shop.productattribute", "pk": 37, "fields": {"product": "dell-inspiron-15-3520", "attribute": "Storage", "value": "512GB M.2 PCIe NVMe Solid State Drive"}}, {"model": "shop.productattribute", "pk": 38, "fields": {"product": "dell-inspiron-15-3520", "attribute": "Graphics", "value": "Intel UHD Graphics"}}, {"model": "shop.productattribute", "pk": 39, "fields": {"product": "dell-inspiron-15-3520", "attribute": "Display", "value": "15.6-inch Full-HD (1920 x 1080 pixels)"}}, {"model": "shop.productattribute", "pk": 40, "fields": {"product": "dell-inspiron-15-3520", "attribute": "Operating System", "value": "Windows 11 Home 64-bit OS"}}, {"model": "shop.productattribute", "pk": 41, "fields": {"product": "dell-inspiron-15-3520", "attribute": "Keyboard", "value": "Standard Notebook Keyboard with Numpad"}}, {"model": "shop.productattribute", "pk": 42, "fields": {"product": "dell-inspiron-15-3520", "attribute": "Wireless Connectivity", "value": ""}}, {"model": "shop.productattribute", "pk": 43, "fields": {"product": "dell-inspiron-15-3520", "attribute": "I/0 Ports", "value": ""}}, {"model": "shop.productattribute", "pk": 44, "fields": {"product": "dell-inspiron-15-3520", "attribute": "Slots", "value": ""}}, {"model": "shop.productattribute", "pk": 45, "fields": {"product": "dell-inspiron-15-3520", "attribute": "Camera", "value": "720P HD camera (1280 x 720 pixels) @ 30 fps"}}, {"model": "shop.productattribute", "pk": 46, "fields": {"product": "dell-inspiron-15-3520", "attribute": "Audio & Speakers", "value": "Stereo speakers, 2 W x 2 = 4 W total"}}, {"model": "shop.productattribute", "pk": 47, "fields": {"product": "dell-inspiron-15-3520", "attribute": "Battery", "value": "4-Cell 54 Watt-Hours / 65W Power Adapter"}}, {"model": "shop.productattribute", "pk": 48, "fields": {"product": "dell-inspiron-15-3520", "attribute": "Battery Life", "value": ""}}, {"model": "shop.productattribute", "pk": 49, "fields": {"product": "dell-inspiron-15-3520", "attribute": "Power", "value": ""}}, {"model": "shop.productattribute", "pk": 50, "fields": {"product": "dell-inspiron-15-3520", "attribute": "Warranty", "value": "2 Year"}}, {"model": "shop.productattribute", "pk": 51, "fields": {"product": "dell-inspiron-15-3520", "attribute": "Compliments", "value": "Laptop Bag, Mouse & Mousepad"}}, {"model": "shop.productattribute", "pk": 52, "fields": {"product": "dell-inspiron-15-3530", "attribute": "Processor", "value": "13th Generation Intel Core i5 1335U Processor (12MB Cache, Up to 4.6 GHz, 10 Cores)"}}, {"model": "shop.productattribute", "pk": 53, "fields": {"product": "dell-inspiron-15-3530", "attribute": "Memory", "value": "8GB DDR4 2666MHz RAM"}}, {"model": "shop.productattribute", "pk": 54, "fields": {"product": "dell-inspiron-15-3530", "attribute": "Storage", "value": "512GB M.2 PCIe NVMe Solid State Drive"}}, {"model": "shop.productattribute", "pk": 55, "fields": {"product": "dell-inspiron-15-3530", "attribute": "Graphics", "value": "Intel UHD Graphics"}}, {"model": "shop.productattribute", "pk": 56, "fields": {"product": "dell-inspiron-15-3530", "attribute": "Display", "value": "15.6-inch Full-HD (1920 x 1080 pixels)"}}, {"model": "shop.productattribute", "pk": 57, "fields": {"product": "dell-inspiron-15-3530", "attribute": "Operating System", "value": "Windows 11 Home 64-bit OS"}}, {"model": "shop.productattribute", "pk": 58, "fields": {"product": "dell-inspiron-15-3530", "attribute": "Keyboard", "value": "English International non-backlit Keyboard"}}, {"model": "shop.productattribute", "pk": 59, "fields": {"product": "dell-inspiron-15-3530", "attribute": "Wireless Connectivity", "value": ""}}, {"model": "shop.productattribute", "pk": 60, "fields": {"product": "dell-inspiron-15-3530", "attribute": "I/0 Ports", "value": ""}}, {"model": "shop.productattribute", "pk": 61, "fields": {"product": "dell-inspiron-15-3530", "attribute": "Slots", "value": ""}}, {"model": "shop.productattribute", "pk": 62, "fields": {"product": "dell-inspiron-15-3530", "attribute": "Camera", "value": ""}}, {"model": "shop.productattribute", "pk": 63, "fields": {"product": "dell-inspiron-15-3530", "attribute": "Audio & Speakers", "value": ""}}, {"model": "shop.productattribute", "pk": 64, "fields": {"product": "dell-inspiron-15-3530", "attribute": "Battery", "value": "3-Cell 41 Watt-Hours / 65W Power Adapter"}}, {"model": "shop.productattribute", "pk": 65, "fields": {"product": "dell-inspiron-15-3530", "attribute": "Battery Life", "value": ""}}, {"model": "shop.productattribute", "pk": 66, "fields": {"product": "dell-inspiron-15-3530", "attribute": "Power", "value": ""}}, {"model": "shop.productattribute", "pk": 67, "fields": {"product": "dell-inspiron-15-3530", "attribute": "Warranty", "value": "2 Year"}}, {"model": "shop.productattribute", "pk": 68, "fields": {"product": "dell-inspiron-15-3530", "attribute": "Compliments", "value": "Laptop Bag, Mouse & Mousepad"}}, {"model": "shop.productattribute", "pk": 69, "fields": {"product": "dell-inspiron-14-7445", "attribute": "Processor", "value": "AMD Ryzen™ 5 8640HS 6-core/12-thread Processor with Radeon™ Graphics"}}, {"model": "shop.productattribute", "pk": 70, "fields": {"product": "dell-inspiron-14-7445", "attribute": "Memory", "value": "16GB DDR5, 5200 MT/s"}}, {"model": "shop.productattribute", "pk": 71, "fields": {"product": "dell-inspiron-14-7445", "attribute": "Storage", "value": "512GB M.2 PCIe NVMe Solid State Drive"}}, {"model": "shop.productattribute", "pk": 72, "fields": {"product": "dell-inspiron-14-7445", "attribute": "Graphics", "value": "AMD Radeon™ Graphics"}}, {"model": "shop.productattribute", "pk": 73, "fields": {"product": "dell-inspiron-14-7445", "attribute": "Display", "value": "14\", Touch, FHD+ 1920x1200, 60Hz, WVA, IPS, 250 nit, ComfortView"}}, {"model": "shop.productattribute", "pk": 74, "fields": {"product": "dell-inspiron-14-7445", "attribute": "Operating System", "value": "Windows 11"}}, {"model": "shop.productattribute", "pk": 75, "fields": {"product": "dell-inspiron-14-7445", "attribute": "Keyboard", "value": "English US backlit Copilot key keyboard, no numeric keypad"}}, {"model": "shop.productattribute", "pk": 76, "fields": {"product": "dell-inspiron-14-7445", "attribute": "Wireless Connectivity", "value": "Realtek Wi-Fi 6E RTL8852CE, 2x2, 802.11ax, MU-MIMO, Bluetooth® wireless card"}}, {"model": "shop.productattribute", "pk": 77, "fields": {"product": "dell-inspiron-14-7445", "attribute": "I/0 Ports", "value": ""}}, {"model": "shop.productattribute", "pk": 78, "fields": {"product": "dell-inspiron-14-7445", "attribute": "Slots", "value": "1 SD-card slot"}}, {"model": "shop.productattribute", "pk": 79, "fields": {"product": "dell-inspiron-14-7445", "attribute": "Camera", "value": "Integrated Widescreen FHD (1080p) Webcam with Dual Digital Microphone Array with Temporal Noise Redu"}}, {"model": "shop.productattribute", "pk": 80, "fields": {"product": "dell-inspiron-14-7445", "attribute": "Audio & Speakers", "value": "2 tuned speakers, audio processing by Dolby Atomos Core and Waves MaxxAudio® Pro"}}, {"model": "shop.productattribute", "pk": 81, "fields": {"product": "dell-inspiron-14-7445", "attribute": "Battery", "value": "4 Cell, 54 Wh, integrated"}}, {"model": "shop.productattribute", "pk": 82, "fields": {"product": "dell-inspiron-14-7445", "attribute": "Battery Life", "value": "Up to 10 hours, 4 minutes"}}, {"model": "shop.productattribute", "pk": 83, "fields": {"product": "dell-inspiron-14-7445", "attribute": "Power", "value": "65W AC adapter, USB Type-C"}}, {"model": "shop.productattribute", "pk": 84, "fields": {"product": "dell-inspiron-14-7445", "attribute": "Warranty", "value": "1 Year"}}, {"model": "shop.productattribute", "pk": 85, "fields": {"product": "dell-inspiron-14-7445", "attribute": "Compliments", "value": "Bag, Mouse and Mousepad"}}, {"model": "shop.productattribute", "pk": 86, "fields": {"product": "dell-inspiron-14-5430", "attribute": "Processor", "value": "13th Generation Intel Core i5 1335U Processor (12MB Cache, Up to 4.6 GHz)"}}, {"model": "shop.productattribute", "pk": 87, "fields": {"product": "dell-inspiron-14-5430", "attribute": "Memory", "value": "8GB DDR4 RAM"}}, {"model": "shop.productattribute", "pk": 88, "fields": {"product": "dell-inspiron-14-5430", "attribute": "Storage", "value": "1TB M.2 PCIe NVMe Solid State Drive"}}, {"model": "shop.productattribute", "pk": 89, "fields": {"product": "dell-inspiron-14-5430", "attribute": "Graphics", "value": "Intel Iris Xe Graphics"}}, {"model": "shop.productattribute", "pk": 90, "fields": {"product": "dell-inspiron-14-5430", "attribute": "Display", "value": "14-inch Full-HD (1920 x 1200 pixels) IPS Display"}}, {"model": "shop.productattribute", "pk": 91, "fields": {"product": "dell-inspiron-14-5430", "attribute": "Operating System", "value": ""}}, {"model": "shop.productattribute", "pk": 92, "fields": {"product": "dell-inspiron-14-5430", "attribute": "Keyboard", "value": "English International Backlit Keyboard"}}, {"model": "shop.productattribute", "pk": 93, "fields": {"product": "dell-inspiron-14-5430", "attribute": "Wireless Connectivity", "value": ""}}, {"model": "shop.productattribute", "pk": 94, "fields": {"product": "dell-inspiron-14-5430", "attribute": "I/0 Ports", "value": ""}}, {"model": "shop.productattribute", "pk": 95, "fields": {"product": "dell-inspiron-14-5430", "attribute": "Slots", "value": ""}}, {"model": "shop.productattribute", "pk": 96, "fields": {"product": "dell-inspiron-14-5430", "attribute": "Camera", "value": "720P HD camera (1280 x 720 pixels) @ 30 fps"}}, {"model": "shop.productattribute", "pk": 97, "fields": {"product": "dell-inspiron-14-5430", "attribute": "Audio & Speakers", "value": "Stereo speakers, 2 W x 2 = 4 W total"}}, {"model": "shop.productattribute", "pk": 98, "fields": {"product": "dell-inspiron-14-5430", "attribute": "Battery", "value": "4-Cell 54 Watt-Hours (Integrated)"}}, {"model": "shop.productattribute", "pk": 99, "fields": {"product": "dell-inspiron-14-5430", "attribute": "Battery Life", "value": ""}}, {"model": "shop.productattribute", "pk": 100, "fields": {"product": "dell-inspiron-14-5430", "attribute": "Power", "value": ""}}, {"model": "shop.productattribute", "pk": 101, "fields": {"product": "dell-inspiron-14-5430", "attribute": "Warranty", "value": "2 Years"}}, {"model": "shop.productattribute", "pk": 102, "fields": {"product": "dell-inspiron-14-5430", "attribute": "Compliments", "value": "Laptop Bag, Mouse & Mousepad"}}, {"model": "shop.brand", "pk": 1, "fields": {"name": "Lenovo"}}, {"model": "shop.brand", "pk": 2, "fields": {"name": "Dell"}}, {"model": "shop.brand", "pk": 3, "fields": {"name": "Fantech"}}, {"model": "shop.brand", "pk": 4, "fields": {"name": "Redragon"}}, {"model": "shop.series", "pk": 1, "fields": {"name": "Inspiron", "brand": 2, "category": 1}}, {"model": "shop.series", "pk": 2, "fields": {"name": "Vostro", "brand": 2, "category": 1}}, {"model": "shop.series", "pk": 3, "fields": {"name": "XPS", "brand": 2, "category": 1}}, {"model": "shop.series", "pk": 4, "fields": {"name": "Latitude", "brand": 2, "category": 1}}, {"model": "shop.series", "pk": 5, "fields": {"name": "Gaming", "brand": 2, "category": 1}}, {"model": "shop.series", "pk": 6, "fields": {"name": "Alienware", "brand": 2, "category": 1}}, {"model": "shop.category", "pk": 1, "fields": {"name": "Laptop"}}, {"model": "shop.category", "pk": 2, "fields": {"name": "Accessories"}}, {"model": "shop.category", "pk": 3, "fields": {"name": "Smartphone"}}, {"model": "shop.subcategory", "pk": 1, "fields": {"name": "Keyboard", "category": 2}}, {"model": "shop.predefinedattribute", "pk": 1, "fields": {"category": 1, "key": "Processor", "default_value": null}}, {"model": "shop.predefinedattribute", "pk": 2, "fields": {"category": 1, "key": "Memory", "default_value": null}}, {"model": "shop.predefinedattribute", "pk": 3, "fields": {"category": 1, "key": "Storage", "default_value": null}}, {"model": "shop.predefinedattribute", "pk": 4, "fields": {"category": 1, "key": "Graphics", "default_value": null}}, {"model": "shop.predefinedattribute", "pk": 5, "fields": {"category": 1, "key": "Display", "default_value": null}}, {"model": "shop.predefinedattribute", "pk": 6, "fields": {"category": 1, "key": "Operating System", "default_value": null}}, {"model": "shop.predefinedattribute", "pk": 7, "fields": {"category": 1, "key": "Keyboard", "default_value": null}}, {"model": "shop.predefinedattribute", "pk": 8, "fields": {"category": 1, "key": "Wireless Connectivity", "default_value": null}}, {"model": "shop.predefinedattribute", "pk": 9, "fields": {"category": 1, "key": "I/0 Ports", "default_value": null}}, {"model": "shop.predefinedattribute", "pk": 10, "fields": {"category": 1, "key": "Slots", "default_value": null}}, {"model": "shop.predefinedattribute", "pk": 11, "fields": {"category": 1, "key": "Camera", "default_value": null}}, {"model": "shop.predefinedattribute", "pk": 12, "fields": {"category": 1, "key": "Audio & Speakers", "default_value": null}}, {"model": "shop.predefinedattribute", "pk": 13, "fields": {"category": 1, "key": "Battery", "default_value": null}}, {"model": "shop.predefinedattribute", "pk": 14, "fields": {"category": 1, "key": "Battery Life", "default_value": null}}, {"model": "shop.predefinedattribute", "pk": 15, "fields": {"category": 1, "key": "Power", "default_value": null}}, {"model": "shop.predefinedattribute", "pk": 16, "fields": {"category": 1, "key": "Warranty", "default_value": null}}, {"model": "shop.predefinedattribute", "pk": 17, "fields": {"category": 1, "key": "Compliments", "default_value": null}}, {"model": "admin.logentry", "pk": 1, "fields": {"action_time": "2025-04-01T13:07:32.997Z", "user": 1, "content_type": 4, "object_id": "1", "object_repr": "Laptop", "action_flag": 1, "change_message": "[{\"added\": {}}]"}}, {"model": "admin.logentry", "pk": 2, "fields": {"action_time": "2025-04-01T13:07:40.747Z", "user": 1, "content_type": 3, "object_id": "1", "object_repr": "Lenovo", "action_flag": 1, "change_message": "[{\"added\": {}}]"}}, {"model": "admin.logentry", "pk": 3, "fields": {"action_time": "2025-04-01T13:18:59.158Z", "user": 1, "content_type": 8, "object_id": "asd", "object_repr": "asd", "action_flag": 1, "change_message": "[{\"added\": {}}]"}}, {"model": "admin.logentry", "pk": 4, "fields": {"action_time": "2025-04-01T13:19:22.597Z", "user": 1, "content_type": 8, "object_id": "asd", "object_repr": "12345123451234512434123451234512345123451234513222", "action_flag": 2, "change_message": "[{\"changed\": {\"fields\": [\"Name\"]}}]"}}, {"model": "admin.logentry", "pk": 5, "fields": {"action_time": "2025-04-01T13:19:27.387Z", "user": 1, "content_type": 8, "object_id": "asd", "object_repr": "123451234512345124341234512345123425123451234513222", "action_flag": 2, "change_message": "[{\"changed\": {\"fields\": [\"Name\"]}}]"}}, {"model": "admin.logentry", "pk": 6, "fields": {"action_time": "2025-04-01T13:19:32.773Z", "user": 1, "content_type": 8, "object_id": "asd", "object_repr": "12345123451234512434123451234512222223425123451234513222", "action_flag": 2, "change_message": "[{\"changed\": {\"fields\": [\"Name\"]}}]"}}, {"model": "admin.logentry", "pk": 7, "fields": {"action_time": "2025-04-01T13:19:41.065Z", "user": 1, "content_type": 8, "object_id": "asd", "object_repr": "1234512345123451243412345123451222222342512345123451322212345123451234512434123451234512222223425123451234513222", "action_flag": 2, "change_message": "[{\"changed\": {\"fields\": [\"Name\"]}}]"}}, {"model": "admin.logentry", "pk": 8, "fields": {"action_time": "2025-04-01T13:19:47.287Z", "user": 1, "content_type": 8, "object_id": "asd", "object_repr": "12345123451234512434123451231234512345123451243412345123451222222342512345123451322212345123451234512434123451234512451222222342512345123451322212345123451234512434123451234512222223425123451234513222", "action_flag": 2, "change_message": "[{\"changed\": {\"fields\": [\"Name\"]}}]"}}, {"model": "admin.logentry", "pk": 9, "fields": {"action_time": "2025-04-01T13:19:53.898Z", "user": 1, "content_type": 8, "object_id": "asd", "object_repr": "12345123451234512434123451231234512345123451243412345123451222222342512345123451322212345123451234512434123451234512451222222342512345123451322212345123451234512434123451234512222223425123451234513222", "action_flag": 2, "change_message": "[]"}}, {"model": "admin.logentry", "pk": 10, "fields": {"action_time": "2025-04-01T13:20:27.239Z", "user": 1, "content_type": 8, "object_id": "asd", "object_repr": "Lenovo Ideapad 1-14IGL (Intel Core Celeron - N4020 Processor | 4GB RAM | 256GB SSD | Intel UHD Graphics 600 | 14\" HD Display)", "action_flag": 2, "change_message": "[{\"changed\": {\"fields\": [\"Name\"]}}]"}}, {"model": "admin.logentry", "pk": 11, "fields": {"action_time": "2025-04-01T13:20:46.848Z", "user": 1, "content_type": 8, "object_id": "asd", "object_repr": "Lenovo Ideapad 1-14IGL (Intel Core Celeron - N4020 Processor | 4GB RAM | 256GB SSD | Intel UHD Graphics 600 | 14\" HD Display)", "action_flag": 2, "change_message": "[{\"added\": {\"name\": \"product image\", \"object\": \"ProductImage object (1)\"}}]"}}, {"model": "admin.logentry", "pk": 12, "fields": {"action_time": "2025-04-01T13:22:48.314Z", "user": 1, "content_type": 8, "object_id": "asd", "object_repr": "Lenovo Ideapad 1-14IGL (Intel Core Celeron - N4020 Processor | 4GB RAM | 256GB SSD | Intel UHD Graphics 600 | 14\" HD Display)", "action_flag": 2, "change_message": "[{\"changed\": {\"name\": \"product image\", \"object\": \"ProductImage object (1)\", \"fields\": [\"Image\"]}}]"}}, {"model": "admin.logentry", "pk": 13, "fields": {"action_time": "2025-04-01T13:27:29.325Z", "user": 1, "content_type": 8, "object_id": "acer-aspire-3-15", "object_repr": "Acer Aspire 3 15", "action_flag": 1, "change_message": "[{\"added\": {}}]"}}, {"model": "admin.logentry", "pk": 14, "fields": {"action_time": "2025-04-01T13:27:39.470Z", "user": 1, "content_type": 8, "object_id": "acer-aspire-3-15", "object_repr": "Acer Aspire 3 15 (Intel Core i3 1215U Processor | 8GB RAM | 256GB SSD | Intel Graphics | 15.6-inch FHD (1920 x 1080) Display | 1 Year Warranty)", "action_flag": 2, "change_message": "[{\"changed\": {\"fields\": [\"Name\"]}}]"}}, {"model": "admin.logentry", "pk": 15, "fields": {"action_time": "2025-04-01T13:29:54.239Z", "user": 1, "content_type": 8, "object_id": "acer-aspire-3-15", "object_repr": "Acer Aspire 3 15 (Intel Core i3 1215U Processor | 8GB RAM | 256GB SSD | Intel Graphics | 15.6-inch FHD (1920 x 1080) Display | 1 Year Warranty)", "action_flag": 2, "change_message": "[{\"added\": {\"name\": \"product image\", \"object\": \"ProductImage object (2)\"}}]"}}, {"model": "admin.logentry", "pk": 16, "fields": {"action_time": "2025-04-01T14:39:25.488Z", "user": 1, "content_type": 8, "object_id": "asd", "object_repr": "Lenovo Ideapad 1-14IGL (Intel Core Celeron - N4020 Processor | 4GB RAM | 256GB SSD | Intel UHD Graphics 600 | 14\" HD Display)", "action_flag": 2, "change_message": "[{\"added\": {\"name\": \"product image\", \"object\": \"ProductImage object (3)\"}}]"}}, {"model": "admin.logentry", "pk": 17, "fields": {"action_time": "2025-04-01T15:31:34.792Z", "user": 1, "content_type": 8, "object_id": "apple-macbook-air-m1-chip-8256", "object_repr": "[Authorized] Apple MacBook Air M1 Chip (13.3\" (2560 x 1600) Liquid Retina Display | 8GB Unified Memory | 256GB SSD | 8-core CPU | 7-core GPU | 2 Years Authorized Warranty | 1 Year Breakage Insurance |", "action_flag": 1, "change_message": "[{\"added\": {}}, {\"added\": {\"name\": \"product image\", \"object\": \"ProductImage object (4)\"}}]"}}, {"model": "admin.logentry", "pk": 18, "fields": {"action_time": "2025-04-02T05:54:51.995Z", "user": 1, "content_type": 8, "object_id": "asd", "object_repr": "Lenovo Ideapad 1-14IGL (Intel Core Celeron - N4020 Processor | 4GB RAM | 256GB SSD | Intel UHD Graphics 600 | 14\" HD Display)", "action_flag": 3, "change_message": ""}}, {"model": "admin.logentry", "pk": 19, "fields": {"action_time": "2025-04-02T05:54:52.003Z", "user": 1, "content_type": 8, "object_id": "apple-macbook-air-m1-chip-8256", "object_repr": "[Authorized] Apple MacBook Air M1 Chip (13.3\" (2560 x 1600) Liquid Retina Display | 8GB Unified Memory | 256GB SSD | 8-core CPU | 7-core GPU | 2 Years Authorized Warranty | 1 Year Breakage Insurance |", "action_flag": 3, "change_message": ""}}, {"model": "admin.logentry", "pk": 20, "fields": {"action_time": "2025-04-02T05:54:52.005Z", "user": 1, "content_type": 8, "object_id": "acer-aspire-3-15", "object_repr": "Acer Aspire 3 15 (Intel Core i3 1215U Processor | 8GB RAM | 256GB SSD | Intel Graphics | 15.6-inch FHD (1920 x 1080) Display | 1 Year Warranty)", "action_flag": 3, "change_message": ""}}, {"model": "admin.logentry", "pk": 21, "fields": {"action_time": "2025-04-02T06:12:24.446Z", "user": 1, "content_type": 3, "object_id": "2", "object_repr": "Dell", "action_flag": 1, "change_message": "[{\"added\": {}}]"}}, {"model": "admin.logentry", "pk": 22, "fields": {"action_time": "2025-04-02T06:12:27.585Z", "user": 1, "content_type": 13, "object_id": "1", "object_repr": "Inspiron", "action_flag": 1, "change_message": "[{\"added\": {}}]"}}, {"model": "admin.logentry", "pk": 23, "fields": {"action_time": "2025-04-02T06:13:21.775Z", "user": 1, "content_type": 7, "object_id": "1", "object_repr": "Laptop - Processor", "action_flag": 1, "change_message": "[{\"added\": {}}]"}}, {"model": "admin.logentry", "pk": 24, "fields": {"action_time": "2025-04-02T06:13:31.504Z", "user": 1, "content_type": 7, "object_id": "2", "object_repr": "Laptop - Memory", "action_flag": 1, "change_message": "[{\"added\": {}}]"}}, {"model": "admin.logentry", "pk": 25, "fields": {"action_time": "2025-04-02T06:13:50.180Z", "user": 1, "content_type": 7, "object_id": "3", "object_repr": "Laptop - Storage", "action_flag": 1, "change_message": "[{\"added\": {}}]"}}, {"model": "admin.logentry", "pk": 26, "fields": {"action_time": "2025-04-02T06:13:58.973Z", "user": 1, "content_type": 7, "object_id": "4", "object_repr": "Laptop - Graphics", "action_flag": 1, "change_message": "[{\"added\": {}}]"}}, {"model": "admin.logentry", "pk": 27, "fields": {"action_time": "2025-04-02T06:14:10.206Z", "user": 1, "content_type": 7, "object_id": "5", "object_repr": "Laptop - Display", "action_flag": 1, "change_message": "[{\"added\": {}}]"}}, {"model": "admin.logentry", "pk": 28, "fields": {"action_time": "2025-04-02T06:14:41.025Z", "user": 1, "content_type": 7, "object_id": "6", "object_repr": "Laptop - Operating System", "action_flag": 1, "change_message": "[{\"added\": {}}]"}}, {"model": "admin.logentry", "pk": 29, "fields": {"action_time": "2025-04-02T06:14:59.545Z", "user": 1, "content_type": 7, "object_id": "7", "object_repr": "Laptop - Keyboard", "action_flag": 1, "change_message": "[{\"added\": {}}]"}}, {"model": "admin.logentry", "pk": 30, "fields": {"action_time": "2025-04-02T06:15:59.255Z", "user": 1, "content_type": 7, "object_id": "8", "object_repr": "Laptop - Wireless Connectivity", "action_flag": 1, "change_message": "[{\"added\": {}}]"}}, {"model": "admin.logentry", "pk": 31, "fields": {"action_time": "2025-04-02T06:16:12.376Z", "user": 1, "content_type": 7, "object_id": "9", "object_repr": "Laptop - I/0 Ports", "action_flag": 1, "change_message": "[{\"added\": {}}]"}}, {"model": "admin.logentry", "pk": 32, "fields": {"action_time": "2025-04-02T06:16:24.043Z", "user": 1, "content_type": 7, "object_id": "10", "object_repr": "Laptop - Slots", "action_flag": 1, "change_message": "[{\"added\": {}}]"}}, {"model": "admin.logentry", "pk": 33, "fields": {"action_time": "2025-04-02T06:16:36.850Z", "user": 1, "content_type": 7, "object_id": "11", "object_repr": "Laptop - Camera", "action_flag": 1, "change_message": "[{\"added\": {}}]"}}, {"model": "admin.logentry", "pk": 34, "fields": {"action_time": "2025-04-02T06:16:52.576Z", "user": 1, "content_type": 7, "object_id": "12", "object_repr": "Laptop - Audio & Speakers", "action_flag": 1, "change_message": "[{\"added\": {}}]"}}, {"model": "admin.logentry", "pk": 35, "fields": {"action_time": "2025-04-02T06:16:58.498Z", "user": 1, "content_type": 7, "object_id": "13", "object_repr": "Laptop - Battery", "action_flag": 1, "change_message": "[{\"added\": {}}]"}}, {"model": "admin.logentry", "pk": 36, "fields": {"action_time": "2025-04-02T06:17:11.375Z", "user": 1, "content_type": 7, "object_id": "14", "object_repr": "Laptop - Battery Life", "action_flag": 1, "change_message": "[{\"added\": {}}]"}}, {"model": "admin.logentry", "pk": 37, "fields": {"action_time": "2025-04-02T06:17:21.190Z", "user": 1, "content_type": 7, "object_id": "15", "object_repr": "Laptop - Power", "action_flag": 1, "change_message": "[{\"added\": {}}]"}}, {"model": "admin.logentry", "pk": 38, "fields": {"action_time": "2025-04-02T06:17:33.821Z", "user": 1, "content_type": 7, "object_id": "16", "object_repr": "Laptop - Warranty", "action_flag": 1, "change_message": "[{\"added\": {}}]"}}, {"model": "admin.logentry", "pk": 39, "fields": {"action_time": "2025-04-02T06:18:33.705Z", "user": 1, "content_type": 7, "object_id": "17", "object_repr": "Laptop - Compliments", "action_flag": 1, "change_message": "[{\"added\": {}}]"}}, {"model": "admin.logentry", "pk": 40, "fields": {"action_time": "2025-04-02T06:36:29.360Z", "user": 1, "content_type": 8, "object_id": "dell-inspiron-15-3535", "object_repr": "Dell Inspiron 15 3535 with AMD Ryzen 5 7520U Processor ( 8GB RAM | 512GB SSD | 15.6\" FHD (1920 x 1080) 120Hz IPS Display | Genuine With Warranty", "action_flag": 1, "change_message": "[{\"added\": {}}, {\"added\": {\"name\": \"product image\", \"object\": \"ProductImage object (5)\"}}]"}}, {"model": "admin.logentry", "pk": 41, "fields": {"action_time": "2025-04-02T06:44:11.789Z", "user": 1, "content_type": 8, "object_id": "dell-inspiron-15-3535", "object_repr": "Dell Inspiron 15 3535 with AMD Ryzen 5 7520U Processor ( 8GB RAM | 512GB SSD | 15.6\" FHD (1920 x 1080) 120Hz IPS Display | Genuine With Warranty", "action_flag": 2, "change_message": "[{\"changed\": {\"name\": \"product attribute\", \"object\": \"ProductAttribute object (1)\", \"fields\": [\"Value\"]}}, {\"changed\": {\"name\": \"product attribute\", \"object\": \"ProductAttribute object (2)\", \"fields\": [\"Value\"]}}, {\"changed\": {\"name\": \"product attribute\", \"object\": \"ProductAttribute object (3)\", \"fields\": [\"Value\"]}}, {\"changed\": {\"name\": \"product attribute\", \"object\": \"ProductAttribute object (4)\", \"fields\": [\"Value\"]}}, {\"changed\": {\"name\": \"product attribute\", \"object\": \"ProductAttribute object (5)\", \"fields\": [\"Value\"]}}, {\"changed\": {\"name\": \"product attribute\", \"object\": \"ProductAttribute object (6)\", \"fields\": [\"Value\"]}}]"}}, {"model": "admin.logentry", "pk": 42, "fields": {"action_time": "2025-04-02T07:07:05.406Z", "user": 1, "content_type": 8, "object_id": "dell-inspiron-15-3535", "object_repr": "Dell Inspiron 15 3535 with AMD Ryzen 5 7520U Processor ( 8GB RAM | 512GB SSD | 15.6\" FHD (1920 x 1080) 120Hz IPS Display | Genuine With Warranty", "action_flag": 2, "change_message": "[{\"changed\": {\"fields\": [\"Description\"]}}]"}}, {"model": "admin.logentry", "pk": 43, "fields": {"action_time": "2025-04-02T10:10:40.870Z", "user": 1, "content_type": 8, "object_id": "dell-inspiron-15-3535", "object_repr": "Dell Inspiron 15 3535 with AMD Ryzen 5 7520U Processor ( 8GB RAM | 512GB SSD | 15.6\" FHD (1920 x 1080) 120Hz IPS Display | Genuine With Warranty", "action_flag": 2, "change_message": "[{\"added\": {\"name\": \"product image\", \"object\": \"ProductImage object (6)\"}}, {\"added\": {\"name\": \"product image\", \"object\": \"ProductImage object (7)\"}}, {\"added\": {\"name\": \"product image\", \"object\": \"ProductImage object (8)\"}}]"}}, {"model": "admin.logentry", "pk": 44, "fields": {"action_time": "2025-04-02T10:17:57.690Z", "user": 1, "content_type": 8, "object_id": "dell-inspiron-16-5630", "object_repr": "Dell Inspiron 16 5630 (Intel Core i5 - 1335U Processor | 8GB RAM | 512GB SSD | Intel Iris Xe | Finger Print Reader|16\" FHD Display |Backlit Keyboard )", "action_flag": 1, "change_message": "[{\"added\": {}}, {\"added\": {\"name\": \"product image\", \"object\": \"ProductImage object (9)\"}}, {\"added\": {\"name\": \"product image\", \"object\": \"ProductImage object (10)\"}}, {\"added\": {\"name\": \"product image\", \"object\": \"ProductImage object (11)\"}}, {\"added\": {\"name\": \"product image\", \"object\": \"ProductImage object (12)\"}}]"}}, {"model": "admin.logentry", "pk": 45, "fields": {"action_time": "2025-04-02T10:18:52.433Z", "user": 1, "content_type": 8, "object_id": "dell-inspiron-16-5630", "object_repr": "Dell Inspiron 16 5630  with Intel Core i5 - 1335U Processor |(8GB RAM  and 512GB SSD , Intel Iris Xe , Finger Print Reader,16\" FHD Display ,Backlit Keyboard )", "action_flag": 2, "change_message": "[{\"changed\": {\"fields\": [\"Name\"]}}]"}}, {"model": "admin.logentry", "pk": 46, "fields": {"action_time": "2025-04-02T10:19:28.751Z", "user": 1, "content_type": 8, "object_id": "dell-inspiron-16-5630", "object_repr": "Dell Inspiron 16 5630  with Intel Core i5 - 1335U Processor (8GB RAM  and 512GB SSD , Intel Iris Xe , Finger Print Reader,16\" FHD Display ,Backlit Keyboard )", "action_flag": 2, "change_message": "[{\"changed\": {\"fields\": [\"Name\"]}}]"}}, {"model": "admin.logentry", "pk": 47, "fields": {"action_time": "2025-04-02T10:22:43.864Z", "user": 1, "content_type": 8, "object_id": "dell-inspiron-16-5630", "object_repr": "Dell Inspiron 16 5630  with Intel Core i5 - 1335U Processor (8GB RAM  and 512GB SSD , Intel Iris Xe , Finger Print Reader,16\" FHD Display ,Backlit Keyboard )", "action_flag": 2, "change_message": "[{\"changed\": {\"name\": \"product attribute\", \"object\": \"ProductAttribute object (18)\", \"fields\": [\"Value\"]}}, {\"changed\": {\"name\": \"product attribute\", \"object\": \"ProductAttribute object (19)\", \"fields\": [\"Value\"]}}, {\"changed\": {\"name\": \"product attribute\", \"object\": \"ProductAttribute object (20)\", \"fields\": [\"Value\"]}}, {\"changed\": {\"name\": \"product attribute\", \"object\": \"ProductAttribute object (21)\", \"fields\": [\"Value\"]}}, {\"changed\": {\"name\": \"product attribute\", \"object\": \"ProductAttribute object (22)\", \"fields\": [\"Value\"]}}, {\"changed\": {\"name\": \"product attribute\", \"object\": \"ProductAttribute object (23)\", \"fields\": [\"Value\"]}}, {\"changed\": {\"name\": \"product attribute\", \"object\": \"ProductAttribute object (24)\", \"fields\": [\"Value\"]}}, {\"changed\": {\"name\": \"product attribute\", \"object\": \"ProductAttribute object (28)\", \"fields\": [\"Value\"]}}, {\"changed\": {\"name\": \"product attribute\", \"object\": \"ProductAttribute object (29)\", \"fields\": [\"Value\"]}}, {\"changed\": {\"name\": \"product attribute\", \"object\": \"ProductAttribute object (30)\", \"fields\": [\"Value\"]}}, {\"changed\": {\"name\": \"product attribute\", \"object\": \"ProductAttribute object (33)\", \"fields\": [\"Value\"]}}, {\"changed\": {\"name\": \"product attribute\", \"object\": \"ProductAttribute object (34)\", \"fields\": [\"Value\"]}}]"}}, {"model": "admin.logentry", "pk": 48, "fields": {"action_time": "2025-04-02T11:06:45.563Z", "user": 1, "content_type": 8, "object_id": "dell-inspiron-15-3520", "object_repr": "Dell Inspiron 15 3520  with Intel Core i7 - 1255U Processor (8GB RAM , 512GB SSD , Intel UHD Graphics , 15.6\" FHD Display and UBT )", "action_flag": 1, "change_message": "[{\"added\": {}}, {\"added\": {\"name\": \"product image\", \"object\": \"ProductImage object (13)\"}}, {\"added\": {\"name\": \"product image\", \"object\": \"ProductImage object (14)\"}}, {\"added\": {\"name\": \"product image\", \"object\": \"ProductImage object (15)\"}}, {\"added\": {\"name\": \"product image\", \"object\": \"ProductImage object (16)\"}}]"}}, {"model": "admin.logentry", "pk": 49, "fields": {"action_time": "2025-04-02T11:30:57.496Z", "user": 1, "content_type": 8, "object_id": "dell-inspiron-15-3520", "object_repr": "Dell Inspiron 15 3520  with Intel Core i7 - 1255U Processor (8GB RAM , 512GB SSD , Intel UHD Graphics , 15.6\" FHD Display and UBT )", "action_flag": 2, "change_message": "[{\"changed\": {\"name\": \"product attribute\", \"object\": \"ProductAttribute object (35)\", \"fields\": [\"Value\"]}}, {\"changed\": {\"name\": \"product attribute\", \"object\": \"ProductAttribute object (36)\", \"fields\": [\"Value\"]}}, {\"changed\": {\"name\": \"product attribute\", \"object\": \"ProductAttribute object (37)\", \"fields\": [\"Value\"]}}, {\"changed\": {\"name\": \"product attribute\", \"object\": \"ProductAttribute object (38)\", \"fields\": [\"Value\"]}}, {\"changed\": {\"name\": \"product attribute\", \"object\": \"ProductAttribute object (39)\", \"fields\": [\"Value\"]}}, {\"changed\": {\"name\": \"product attribute\", \"object\": \"ProductAttribute object (40)\", \"fields\": [\"Value\"]}}, {\"changed\": {\"name\": \"product attribute\", \"object\": \"ProductAttribute object (41)\", \"fields\": [\"Value\"]}}, {\"changed\": {\"name\": \"product attribute\", \"object\": \"ProductAttribute object (45)\", \"fields\": [\"Value\"]}}, {\"changed\": {\"name\": \"product attribute\", \"object\": \"ProductAttribute object (46)\", \"fields\": [\"Value\"]}}, {\"changed\": {\"name\": \"product attribute\", \"object\": \"ProductAttribute object (47)\", \"fields\": [\"Value\"]}}, {\"changed\": {\"name\": \"product attribute\", \"object\": \"ProductAttribute object (50)\", \"fields\": [\"Value\"]}}, {\"changed\": {\"name\": \"product attribute\", \"object\": \"ProductAttribute object (51)\", \"fields\": [\"Value\"]}}]"}}, {"model": "admin.logentry", "pk": 50, "fields": {"action_time": "2025-04-02T11:43:08.585Z", "user": 1, "content_type": 8, "object_id": "dell-inspiron-15-3530", "object_repr": "Dell Inspiron 15 3530  with Intel Core i5 - 1335U Processor (8GB RAM , 512GB SSD , Intel UHD Graphics , 15.6\" FHD Display )", "action_flag": 1, "change_message": "[{\"added\": {}}, {\"added\": {\"name\": \"product image\", \"object\": \"ProductImage object (17)\"}}, {\"added\": {\"name\": \"product image\", \"object\": \"ProductImage object (18)\"}}, {\"added\": {\"name\": \"product image\", \"object\": \"ProductImage object (19)\"}}]"}}, {"model": "admin.logentry", "pk": 51, "fields": {"action_time": "2025-04-02T11:54:40.701Z", "user": 1, "content_type": 8, "object_id": "dell-inspiron-15-3530", "object_repr": "Dell Inspiron 15 3530  with Intel Core i5 - 1335U Processor (8GB RAM , 512GB SSD , Intel UHD Graphics , 15.6\" FHD Display )", "action_flag": 2, "change_message": "[{\"changed\": {\"name\": \"product attribute\", \"object\": \"ProductAttribute object (52)\", \"fields\": [\"Value\"]}}, {\"changed\": {\"name\": \"product attribute\", \"object\": \"ProductAttribute object (53)\", \"fields\": [\"Value\"]}}, {\"changed\": {\"name\": \"product attribute\", \"object\": \"ProductAttribute object (54)\", \"fields\": [\"Value\"]}}, {\"changed\": {\"name\": \"product attribute\", \"object\": \"ProductAttribute object (55)\", \"fields\": [\"Value\"]}}, {\"changed\": {\"name\": \"product attribute\", \"object\": \"ProductAttribute object (56)\", \"fields\": [\"Value\"]}}, {\"changed\": {\"name\": \"product attribute\", \"object\": \"ProductAttribute object (57)\", \"fields\": [\"Value\"]}}, {\"changed\": {\"name\": \"product attribute\", \"object\": \"ProductAttribute object (58)\", \"fields\": [\"Value\"]}}, {\"changed\": {\"name\": \"product attribute\", \"object\": \"ProductAttribute object (64)\", \"fields\": [\"Value\"]}}, {\"changed\": {\"name\": \"product attribute\", \"object\": \"ProductAttribute object (67)\", \"fields\": [\"Value\"]}}, {\"changed\": {\"name\": \"product attribute\", \"object\": \"ProductAttribute object (68)\", \"fields\": [\"Value\"]}}]"}}, {"model": "admin.logentry", "pk": 52, "fields": {"action_time": "2025-04-02T11:58:30.600Z", "user": 1, "content_type": 8, "object_id": "dell-inspiron-15-3535", "object_repr": "Dell Inspiron 15 3535 with AMD Ryzen 5 7520U Processor ( 8GB RAM , 512GB SSD , 15.6\" FHD (1920 x 1080) 120Hz IPS Display , Genuine With Warranty", "action_flag": 2, "change_message": "[{\"changed\": {\"fields\": [\"Name\"]}}]"}}, {"model": "admin.logentry", "pk": 53, "fields": {"action_time": "2025-04-02T12:14:53.737Z", "user": 1, "content_type": 8, "object_id": "dell-inspiron-14-7445", "object_repr": "Dell Inspiron 14 7445 2-in-1 Laptop with AMD Ryzen 5 8640HS Processor ( 16GB RAM , 512GB SSD Storage , 14\" FHD+ (1920 x 1200) Touch IPS Display , AMD Radeon Graphics , Windows 11 , Fingerprint Reader ", "action_flag": 1, "change_message": "[{\"added\": {}}, {\"added\": {\"name\": \"product image\", \"object\": \"ProductImage object (20)\"}}]"}}, {"model": "admin.logentry", "pk": 54, "fields": {"action_time": "2025-04-02T12:15:59.028Z", "user": 1, "content_type": 8, "object_id": "dell-inspiron-14-7445", "object_repr": "Dell Inspiron 14 7445 2-in-1 Laptop with AMD Ryzen 5 8640HS Processor ( 16GB RAM , 512GB SSD Storage , 14\" FHD+ (1920 x 1200) Touch IPS Display , AMD Radeon Graphics , Windows 11 , Fingerprint Reader ", "action_flag": 2, "change_message": "[{\"added\": {\"name\": \"product image\", \"object\": \"ProductImage object (21)\"}}, {\"added\": {\"name\": \"product image\", \"object\": \"ProductImage object (22)\"}}, {\"added\": {\"name\": \"product image\", \"object\": \"ProductImage object (23)\"}}]"}}, {"model": "admin.logentry", "pk": 55, "fields": {"action_time": "2025-04-02T12:18:20.288Z", "user": 1, "content_type": 8, "object_id": "dell-inspiron-14-7445", "object_repr": "Dell Inspiron 14 7445 2-in-1 Laptop with AMD Ryzen 5 8640HS Processor ( 16GB RAM , 512GB SSD Storage , 14\" FHD+ (1920 x 1200) Touch IPS Display , AMD Radeon Graphics , Windows 11 , Fingerprint Reader ", "action_flag": 2, "change_message": "[{\"changed\": {\"name\": \"product attribute\", \"object\": \"ProductAttribute object (69)\", \"fields\": [\"Value\"]}}, {\"changed\": {\"name\": \"product attribute\", \"object\": \"ProductAttribute object (70)\", \"fields\": [\"Value\"]}}, {\"changed\": {\"name\": \"product attribute\", \"object\": \"ProductAttribute object (71)\", \"fields\": [\"Value\"]}}, {\"changed\": {\"name\": \"product attribute\", \"object\": \"ProductAttribute object (72)\", \"fields\": [\"Value\"]}}, {\"changed\": {\"name\": \"product attribute\", \"object\": \"ProductAttribute object (73)\", \"fields\": [\"Value\"]}}, {\"changed\": {\"name\": \"product attribute\", \"object\": \"ProductAttribute object (74)\", \"fields\": [\"Value\"]}}, {\"changed\": {\"name\": \"product attribute\", \"object\": \"ProductAttribute object (75)\", \"fields\": [\"Value\"]}}, {\"changed\": {\"name\": \"product attribute\", \"object\": \"ProductAttribute object (76)\", \"fields\": [\"Value\"]}}, {\"changed\": {\"name\": \"product attribute\", \"object\": \"ProductAttribute object (78)\", \"fields\": [\"Value\"]}}, {\"changed\": {\"name\": \"product attribute\", \"object\": \"ProductAttribute object (79)\", \"fields\": [\"Value\"]}}, {\"changed\": {\"name\": \"product attribute\", \"object\": \"ProductAttribute object (80)\", \"fields\": [\"Value\"]}}, {\"changed\": {\"name\": \"product attribute\", \"object\": \"ProductAttribute object (81)\", \"fields\": [\"Value\"]}}, {\"changed\": {\"name\": \"product attribute\", \"object\": \"ProductAttribute object (82)\", \"fields\": [\"Value\"]}}, {\"changed\": {\"name\": \"product attribute\", \"object\": \"ProductAttribute object (83)\", \"fields\": [\"Value\"]}}, {\"changed\": {\"name\": \"product attribute\", \"object\": \"ProductAttribute object (84)\", \"fields\": [\"Value\"]}}, {\"changed\": {\"name\": \"product attribute\", \"object\": \"ProductAttribute object (85)\", \"fields\": [\"Value\"]}}]"}}, {"model": "admin.logentry", "pk": 56, "fields": {"action_time": "2025-04-02T12:23:35.768Z", "user": 1, "content_type": 8, "object_id": "dell-inspiron-14-5430", "object_repr": "Dell Inspiron 14 5430 with Intel Core i5 - 1335U Processor ( 8GB RAM ,1TB SSD , Intel Iris Xe , Finger Print Reader, 14\" FHD+ Display ,Backlit Keyboard)", "action_flag": 1, "change_message": "[{\"added\": {}}, {\"added\": {\"name\": \"product image\", \"object\": \"ProductImage object (24)\"}}, {\"added\": {\"name\": \"product image\", \"object\": \"ProductImage object (25)\"}}, {\"added\": {\"name\": \"product image\", \"object\": \"ProductImage object (26)\"}}, {\"added\": {\"name\": \"product image\", \"object\": \"ProductImage object (27)\"}}]"}}, {"model": "admin.logentry", "pk": 57, "fields": {"action_time": "2025-04-02T12:25:29.628Z", "user": 1, "content_type": 8, "object_id": "dell-inspiron-14-5430", "object_repr": "Dell Inspiron 14 5430 with Intel Core i5 - 1335U Processor ( 8GB RAM ,1TB SSD , Intel Iris Xe , Finger Print Reader, 14\" FHD+ Display ,Backlit Keyboard)", "action_flag": 2, "change_message": "[{\"changed\": {\"name\": \"product attribute\", \"object\": \"ProductAttribute object (86)\", \"fields\": [\"Value\"]}}, {\"changed\": {\"name\": \"product attribute\", \"object\": \"ProductAttribute object (87)\", \"fields\": [\"Value\"]}}, {\"changed\": {\"name\": \"product attribute\", \"object\": \"ProductAttribute object (88)\", \"fields\": [\"Value\"]}}, {\"changed\": {\"name\": \"product attribute\", \"object\": \"ProductAttribute object (89)\", \"fields\": [\"Value\"]}}, {\"changed\": {\"name\": \"product attribute\", \"object\": \"ProductAttribute object (90)\", \"fields\": [\"Value\"]}}, {\"changed\": {\"name\": \"product attribute\", \"object\": \"ProductAttribute object (92)\", \"fields\": [\"Value\"]}}, {\"changed\": {\"name\": \"product attribute\", \"object\": \"ProductAttribute object (96)\", \"fields\": [\"Value\"]}}, {\"changed\": {\"name\": \"product attribute\", \"object\": \"ProductAttribute object (97)\", \"fields\": [\"Value\"]}}, {\"changed\": {\"name\": \"product attribute\", \"object\": \"ProductAttribute object (98)\", \"fields\": [\"Value\"]}}, {\"changed\": {\"name\": \"product attribute\", \"object\": \"ProductAttribute object (101)\", \"fields\": [\"Value\"]}}, {\"changed\": {\"name\": \"product attribute\", \"object\": \"ProductAttribute object (102)\", \"fields\": [\"Value\"]}}]"}}, {"model": "admin.logentry", "pk": 58, "fields": {"action_time": "2025-04-02T12:35:17.655Z", "user": 1, "content_type": 13, "object_id": "2", "object_repr": "Vostro", "action_flag": 1, "change_message": "[{\"added\": {}}]"}}, {"model": "admin.logentry", "pk": 59, "fields": {"action_time": "2025-04-02T12:35:36.053Z", "user": 1, "content_type": 13, "object_id": "3", "object_repr": "XPS", "action_flag": 1, "change_message": "[{\"added\": {}}]"}}, {"model": "admin.logentry", "pk": 60, "fields": {"action_time": "2025-04-02T12:35:48.018Z", "user": 1, "content_type": 13, "object_id": "4", "object_repr": "Latitude", "action_flag": 1, "change_message": "[{\"added\": {}}]"}}, {"model": "admin.logentry", "pk": 61, "fields": {"action_time": "2025-04-02T12:35:57.627Z", "user": 1, "content_type": 13, "object_id": "5", "object_repr": "Gaming", "action_flag": 1, "change_message": "[{\"added\": {}}]"}}, {"model": "admin.logentry", "pk": 62, "fields": {"action_time": "2025-04-02T12:36:11.270Z", "user": 1, "content_type": 13, "object_id": "6", "object_repr": "Alienware", "action_flag": 1, "change_message": "[{\"added\": {}}]"}}, {"model": "admin.logentry", "pk": 63, "fields": {"action_time": "2025-04-02T12:39:50.620Z", "user": 1, "content_type": 8, "object_id": "dell-inspiron-15-3530", "object_repr": "Dell Inspiron 15 3530  with Intel Core i5 - 1335U Processor (8GB RAM , 512GB SSD , Intel UHD Graphics , 15.6\" FHD Display )", "action_flag": 2, "change_message": "[{\"changed\": {\"fields\": [\"Series\"]}}]"}}, {"model": "admin.logentry", "pk": 64, "fields": {"action_time": "2025-04-02T12:40:01.373Z", "user": 1, "content_type": 8, "object_id": "dell-inspiron-15-3520", "object_repr": "Dell Inspiron 15 3520  with Intel Core i7 - 1255U Processor (8GB RAM , 512GB SSD , Intel UHD Graphics , 15.6\" FHD Display and UBT )", "action_flag": 2, "change_message": "[{\"changed\": {\"fields\": [\"Series\"]}}]"}}, {"model": "admin.logentry", "pk": 65, "fields": {"action_time": "2025-04-02T12:40:08.360Z", "user": 1, "content_type": 8, "object_id": "dell-inspiron-14-7445", "object_repr": "Dell Inspiron 14 7445 2-in-1 Laptop with AMD Ryzen 5 8640HS Processor ( 16GB RAM , 512GB SSD Storage , 14\" FHD+ (1920 x 1200) Touch IPS Display , AMD Radeon Graphics , Windows 11 , Fingerprint Reader ", "action_flag": 2, "change_message": "[{\"changed\": {\"fields\": [\"Series\"]}}]"}}, {"model": "admin.logentry", "pk": 66, "fields": {"action_time": "2025-04-02T12:40:23.887Z", "user": 1, "content_type": 8, "object_id": "dell-inspiron-14-5430", "object_repr": "Dell Inspiron 14 5430 with Intel Core i5 - 1335U Processor ( 8GB RAM ,1TB SSD , Intel Iris Xe , Finger Print Reader, 14\" FHD+ Display ,Backlit Keyboard)", "action_flag": 2, "change_message": "[{\"changed\": {\"fields\": [\"Series\"]}}]"}}, {"model": "admin.logentry", "pk": 67, "fields": {"action_time": "2025-04-03T12:22:00.312Z", "user": 1, "content_type": 4, "object_id": "2", "object_repr": "Accessories", "action_flag": 1, "change_message": "[{\"added\": {}}]"}}, {"model": "admin.logentry", "pk": 68, "fields": {"action_time": "2025-04-03T12:22:39.728Z", "user": 1, "content_type": 3, "object_id": "3", "object_repr": "Fantech", "action_flag": 1, "change_message": "[{\"added\": {}}]"}}, {"model": "admin.logentry", "pk": 69, "fields": {"action_time": "2025-04-03T12:23:30.092Z", "user": 1, "content_type": 8, "object_id": "atom-87-mk876-v2-rgb-tkl", "object_repr": "ATOM 87 MK876 V2 RGB TKL (SUMI EDITION) | WIRED MECHANICAL GAMING KEYBOARD", "action_flag": 1, "change_message": "[{\"added\": {}}]"}}, {"model": "admin.logentry", "pk": 70, "fields": {"action_time": "2025-04-03T12:28:25.472Z", "user": 1, "content_type": 8, "object_id": "atom-87-mk876-v2-rgb-tkl", "object_repr": "ATOM 87 MK876 V2 RGB TKL (SUMI EDITION) | WIRED MECHANICAL GAMING KEYBOARD", "action_flag": 2, "change_message": "[{\"added\": {\"name\": \"product image\", \"object\": \"ProductImage object (28)\"}}, {\"added\": {\"name\": \"product image\", \"object\": \"ProductImage object (29)\"}}, {\"added\": {\"name\": \"product image\", \"object\": \"ProductImage object (30)\"}}]"}}, {"model": "admin.logentry", "pk": 71, "fields": {"action_time": "2025-04-03T12:29:43.780Z", "user": 1, "content_type": 8, "object_id": "atom-87-mk876-v2-rgb-tkl", "object_repr": "ATOM 87 MK876 V2 RGB TKL (SUMI EDITION) | WIRED MECHANICAL GAMING KEYBOARD", "action_flag": 2, "change_message": "[{\"added\": {\"name\": \"product image\", \"object\": \"ProductImage object (31)\"}}, {\"changed\": {\"name\": \"product image\", \"object\": \"ProductImage object (28)\", \"fields\": [\"Image\"]}}]"}}, {"model": "admin.logentry", "pk": 72, "fields": {"action_time": "2025-04-03T12:31:56.424Z", "user": 1, "content_type": 8, "object_id": "atom-87-mk876-v2-rgb-tkl", "object_repr": "ATOM 87 MK876 V2 RGB TKL (SUMI EDITION) | WIRED MECHANICAL GAMING KEYBOARD", "action_flag": 2, "change_message": "[{\"changed\": {\"name\": \"product image\", \"object\": \"ProductImage object (30)\", \"fields\": [\"Image\"]}}]"}}, {"model": "admin.logentry", "pk": 73, "fields": {"action_time": "2025-04-03T12:32:37.113Z", "user": 1, "content_type": 8, "object_id": "atom-87-mk876-v2-rgb-tkl", "object_repr": "ATOM 87 MK876 V2 RGB TKL (SUMI EDITION) | WIRED MECHANICAL GAMING KEYBOARD", "action_flag": 2, "change_message": "[{\"changed\": {\"fields\": [\"Old price\", \"Price\"]}}]"}}, {"model": "admin.logentry", "pk": 74, "fields": {"action_time": "2025-04-03T12:34:45.128Z", "user": 1, "content_type": 8, "object_id": "atom-87-mk876-v2-rgb-tkl", "object_repr": "ATOM 87 MK876 V2 RGB TKL (SUMI EDITION) | WIRED MECHANICAL GAMING KEYBOARD", "action_flag": 2, "change_message": "[{\"changed\": {\"fields\": [\"Description\", \"Meta description\", \"Meta keywords\"]}}]"}}, {"model": "admin.logentry", "pk": 75, "fields": {"action_time": "2025-04-03T12:39:39.319Z", "user": 1, "content_type": 14, "object_id": "1", "object_repr": "Keyboard", "action_flag": 1, "change_message": "[{\"added\": {}}]"}}, {"model": "admin.logentry", "pk": 76, "fields": {"action_time": "2025-04-03T12:39:47.199Z", "user": 1, "content_type": 8, "object_id": "atom-87-mk876-v2-rgb-tkl", "object_repr": "ATOM 87 MK876 V2 RGB TKL (SUMI EDITION) | WIRED MECHANICAL GAMING KEYBOARD", "action_flag": 2, "change_message": "[{\"changed\": {\"fields\": [\"Sub category\"]}}]"}}, {"model": "admin.logentry", "pk": 77, "fields": {"action_time": "2025-04-03T12:51:27.538Z", "user": 1, "content_type": 8, "object_id": "mk890-v2-atom96", "object_repr": "MK890 V2 ATOM96 (MIZU EDITION) | MECHANICAL KEYBOARD", "action_flag": 1, "change_message": "[{\"added\": {}}, {\"added\": {\"name\": \"product image\", \"object\": \"ProductImage object (32)\"}}]"}}, {"model": "admin.logentry", "pk": 78, "fields": {"action_time": "2025-04-03T12:52:50.745Z", "user": 1, "content_type": 8, "object_id": "mk890-v2-atom96", "object_repr": "MK890 V2 ATOM96 (MIZU EDITION) | MECHANICAL KEYBOARD", "action_flag": 2, "change_message": "[{\"added\": {\"name\": \"product image\", \"object\": \"ProductImage object (33)\"}}]"}}, {"model": "admin.logentry", "pk": 79, "fields": {"action_time": "2025-04-03T12:55:48.703Z", "user": 1, "content_type": 8, "object_id": "atom-87-mk876-v2-rgb-tkl", "object_repr": "ATOM 87 MK876 V2 RGB TKL (SUMI EDITION) | WIRED MECHANICAL GAMING KEYBOARD", "action_flag": 2, "change_message": "[{\"added\": {\"name\": \"product image\", \"object\": \"ProductImage object (34)\"}}]"}}, {"model": "admin.logentry", "pk": 80, "fields": {"action_time": "2025-04-03T12:56:04.639Z", "user": 1, "content_type": 8, "object_id": "atom-87-mk876-v2-rgb-tkl", "object_repr": "ATOM 87 MK876 V2 RGB TKL (SUMI EDITION) | WIRED MECHANICAL GAMING KEYBOARD", "action_flag": 2, "change_message": "[{\"deleted\": {\"name\": \"product image\", \"object\": \"ProductImage object (None)\"}}]"}}, {"model": "admin.logentry", "pk": 81, "fields": {"action_time": "2025-04-03T12:58:06.853Z", "user": 1, "content_type": 8, "object_id": "mk890-v2-atom96", "object_repr": "MK890 V2 ATOM96 (MIZU EDITION) | MECHANICAL KEYBOARD", "action_flag": 2, "change_message": "[{\"added\": {\"name\": \"product image\", \"object\": \"ProductImage object (35)\"}}]"}}, {"model": "admin.logentry", "pk": 82, "fields": {"action_time": "2025-04-03T13:16:24.651Z", "user": 1, "content_type": 8, "object_id": "mk875-v2-atom-81", "object_repr": "MK875 V2 ATOM 81 (MIZU EDITION) | MECHANICAL KEYBOARD", "action_flag": 1, "change_message": "[{\"added\": {}}, {\"added\": {\"name\": \"product image\", \"object\": \"ProductImage object (36)\"}}]"}}, {"model": "admin.logentry", "pk": 83, "fields": {"action_time": "2025-04-03T13:16:33.281Z", "user": 1, "content_type": 8, "object_id": "mk875-v2-atom-81-1", "object_repr": "MK875 V2 ATOM 81 (MIZU EDITION) | MECHANICAL KEYBOARD", "action_flag": 1, "change_message": "[{\"added\": {}}, {\"added\": {\"name\": \"product image\", \"object\": \"ProductImage object (37)\"}}]"}}, {"model": "admin.logentry", "pk": 84, "fields": {"action_time": "2025-04-03T13:17:03.909Z", "user": 1, "content_type": 8, "object_id": "mk875-v2-atom-81-1", "object_repr": "MK875 V2 ATOM 81 (MIZU EDITION) | MECHANICAL KEYBOARD", "action_flag": 2, "change_message": "[{\"added\": {\"name\": \"product image\", \"object\": \"ProductImage object (38)\"}}]"}}, {"model": "admin.logentry", "pk": 85, "fields": {"action_time": "2025-04-03T13:17:35.705Z", "user": 1, "content_type": 8, "object_id": "mk875-v2-atom-81-1", "object_repr": "MK875 V2 ATOM 81 (MIZU EDITION) | MECHANICAL KEYBOARD", "action_flag": 2, "change_message": "[{\"added\": {\"name\": \"product image\", \"object\": \"ProductImage object (39)\"}}]"}}, {"model": "admin.logentry", "pk": 86, "fields": {"action_time": "2025-04-03T13:19:13.210Z", "user": 1, "content_type": 8, "object_id": "mk875-v2-atom-81", "object_repr": "MK875 V2 ATOM 81 (MIZU EDITION) | MECHANICAL KEYBOARD", "action_flag": 2, "change_message": "[{\"changed\": {\"name\": \"product image\", \"object\": \"ProductImage object (36)\", \"fields\": [\"Image\"]}}]"}}, {"model": "admin.logentry", "pk": 87, "fields": {"action_time": "2025-04-03T13:19:27.502Z", "user": 1, "content_type": 8, "object_id": "mk875-v2-atom-81", "object_repr": "MK875 V2 ATOM 81 (MIZU EDITION) | MECHANICAL KEYBOARD", "action_flag": 2, "change_message": "[{\"changed\": {\"name\": \"product image\", \"object\": \"ProductImage object (36)\", \"fields\": [\"Image\"]}}]"}}, {"model": "admin.logentry", "pk": 88, "fields": {"action_time": "2025-04-03T13:19:57.594Z", "user": 1, "content_type": 8, "object_id": "mk875-v2-atom-81", "object_repr": "MK875 V2 ATOM 81 (MIZU EDITION) | MECHANICAL KEYBOARD", "action_flag": 2, "change_message": "[{\"added\": {\"name\": \"product image\", \"object\": \"ProductImage object (40)\"}}]"}}, {"model": "admin.logentry", "pk": 89, "fields": {"action_time": "2025-04-03T13:20:32.909Z", "user": 1, "content_type": 8, "object_id": "mk875-v2-atom-81", "object_repr": "MK875 V2 ATOM 81 (MIZU EDITION) | MECHANICAL KEYBOARD", "action_flag": 2, "change_message": "[{\"added\": {\"name\": \"product image\", \"object\": \"ProductImage object (41)\"}}]"}}, {"model": "admin.logentry", "pk": 90, "fields": {"action_time": "2025-04-03T13:20:57.596Z", "user": 1, "content_type": 8, "object_id": "mk875-v2-atom-81-1", "object_repr": "MK875 V2 ATOM 81 (MIZU EDITION) | MECHANICAL KEYBOARD", "action_flag": 3, "change_message": ""}}, {"model": "admin.logentry", "pk": 91, "fields": {"action_time": "2025-04-03T13:47:36.465Z", "user": 1, "content_type": 8, "object_id": "mk890-v2-atom96", "object_repr": "FANTECH MK890 V2 ATOM96 (MIZU EDITION) | MECHANICAL KEYBOARD", "action_flag": 2, "change_message": "[{\"changed\": {\"fields\": [\"Name\"]}}]"}}, {"model": "admin.logentry", "pk": 92, "fields": {"action_time": "2025-04-03T13:47:41.889Z", "user": 1, "content_type": 8, "object_id": "mk875-v2-atom-81", "object_repr": "FANTECHMK875 V2 ATOM 81 (MIZU EDITION) | MECHANICAL KEYBOARD", "action_flag": 2, "change_message": "[{\"changed\": {\"fields\": [\"Name\"]}}]"}}, {"model": "admin.logentry", "pk": 93, "fields": {"action_time": "2025-04-03T13:47:45.989Z", "user": 1, "content_type": 8, "object_id": "mk875-v2-atom-81", "object_repr": "FANTECH MK875 V2 ATOM 81 (MIZU EDITION) | MECHANICAL KEYBOARD", "action_flag": 2, "change_message": "[{\"changed\": {\"fields\": [\"Name\"]}}]"}}, {"model": "admin.logentry", "pk": 94, "fields": {"action_time": "2025-04-03T13:47:53.902Z", "user": 1, "content_type": 8, "object_id": "atom-87-mk876-v2-rgb-tkl", "object_repr": "FANTECH ATOM 87 MK876 V2 RGB TKL (SUMI EDITION) | WIRED MECHANICAL GAMING KEYBOARD", "action_flag": 2, "change_message": "[{\"changed\": {\"fields\": [\"Name\"]}}]"}}, {"model": "admin.logentry", "pk": 95, "fields": {"action_time": "2025-04-03T13:53:55.556Z", "user": 1, "content_type": 8, "object_id": "fantech-atom-pro83-mk913", "object_repr": "FANTECH Atom Pro83 MK913 Tri-Mode Mechanical Keyboard", "action_flag": 1, "change_message": "[{\"added\": {}}, {\"added\": {\"name\": \"product image\", \"object\": \"ProductImage object (42)\"}}]"}}, {"model": "admin.logentry", "pk": 96, "fields": {"action_time": "2025-04-03T14:05:21.704Z", "user": 1, "content_type": 8, "object_id": "fantech-atom-pro83-mk913", "object_repr": "FANTECH Atom Pro83 MK913 Tri-Mode Mechanical Keyboard", "action_flag": 2, "change_message": "[{\"changed\": {\"name\": \"product image\", \"object\": \"ProductImage object (42)\", \"fields\": [\"Image\"]}}]"}}, {"model": "admin.logentry", "pk": 97, "fields": {"action_time": "2025-04-03T15:10:15.410Z", "user": 1, "content_type": 3, "object_id": "4", "object_repr": "Redragon", "action_flag": 1, "change_message": "[{\"added\": {}}]"}}, {"model": "admin.logentry", "pk": 98, "fields": {"action_time": "2025-04-03T15:18:29.154Z", "user": 1, "content_type": 8, "object_id": "redragon-k530-wireless-keyboard", "object_repr": "Redragon K530 Draconic Pro RGB Wireless Mechanical Gaming Keyboard", "action_flag": 1, "change_message": "[{\"added\": {}}, {\"added\": {\"name\": \"product image\", \"object\": \"ProductImage object (43)\"}}, {\"added\": {\"name\": \"product image\", \"object\": \"ProductImage object (44)\"}}]"}}, {"model": "admin.logentry", "pk": 99, "fields": {"action_time": "2025-04-03T15:19:43.659Z", "user": 1, "content_type": 8, "object_id": "redragon-k530-wireless-keyboard", "object_repr": "Redragon K530 Draconic Pro RGB Wireless Mechanical Gaming Keyboard", "action_flag": 2, "change_message": "[{\"added\": {\"name\": \"product image\", \"object\": \"ProductImage object (45)\"}}, {\"added\": {\"name\": \"product image\", \"object\": \"ProductImage object (46)\"}}]"}}, {"model": "admin.logentry", "pk": 100, "fields": {"action_time": "2025-04-03T18:20:15.845Z", "user": 1, "content_type": 4, "object_id": "3", "object_repr": "Smartphone", "action_flag": 1, "change_message": "[{\"added\": {}}]"}}, {"model": "auth.permission", "pk": 1, "fields": {"name": "Can add Token", "content_type": 1, "codename": "add_token"}}, {"model": "auth.permission", "pk": 2, "fields": {"name": "Can change Token", "content_type": 1, "codename": "change_token"}}, {"model": "auth.permission", "pk": 3, "fields": {"name": "Can delete Token", "content_type": 1, "codename": "delete_token"}}, {"model": "auth.permission", "pk": 4, "fields": {"name": "Can view Token", "content_type": 1, "codename": "view_token"}}, {"model": "auth.permission", "pk": 5, "fields": {"name": "Can add Token", "content_type": 2, "codename": "add_tokenproxy"}}, {"model": "auth.permission", "pk": 6, "fields": {"name": "Can change Token", "content_type": 2, "codename": "change_tokenproxy"}}, {"model": "auth.permission", "pk": 7, "fields": {"name": "Can delete Token", "content_type": 2, "codename": "delete_tokenproxy"}}, {"model": "auth.permission", "pk": 8, "fields": {"name": "Can view Token", "content_type": 2, "codename": "view_tokenproxy"}}, {"model": "auth.permission", "pk": 9, "fields": {"name": "Can add brand", "content_type": 3, "codename": "add_brand"}}, {"model": "auth.permission", "pk": 10, "fields": {"name": "Can change brand", "content_type": 3, "codename": "change_brand"}}, {"model": "auth.permission", "pk": 11, "fields": {"name": "Can delete brand", "content_type": 3, "codename": "delete_brand"}}, {"model": "auth.permission", "pk": 12, "fields": {"name": "Can view brand", "content_type": 3, "codename": "view_brand"}}, {"model": "auth.permission", "pk": 13, "fields": {"name": "Can add category", "content_type": 4, "codename": "add_category"}}, {"model": "auth.permission", "pk": 14, "fields": {"name": "Can change category", "content_type": 4, "codename": "change_category"}}, {"model": "auth.permission", "pk": 15, "fields": {"name": "Can delete category", "content_type": 4, "codename": "delete_category"}}, {"model": "auth.permission", "pk": 16, "fields": {"name": "Can view category", "content_type": 4, "codename": "view_category"}}, {"model": "auth.permission", "pk": 17, "fields": {"name": "Can add comment", "content_type": 5, "codename": "add_comment"}}, {"model": "auth.permission", "pk": 18, "fields": {"name": "Can change comment", "content_type": 5, "codename": "change_comment"}}, {"model": "auth.permission", "pk": 19, "fields": {"name": "Can delete comment", "content_type": 5, "codename": "delete_comment"}}, {"model": "auth.permission", "pk": 20, "fields": {"name": "Can view comment", "content_type": 5, "codename": "view_comment"}}, {"model": "auth.permission", "pk": 21, "fields": {"name": "Can add emi", "content_type": 6, "codename": "add_emi"}}, {"model": "auth.permission", "pk": 22, "fields": {"name": "Can change emi", "content_type": 6, "codename": "change_emi"}}, {"model": "auth.permission", "pk": 23, "fields": {"name": "Can delete emi", "content_type": 6, "codename": "delete_emi"}}, {"model": "auth.permission", "pk": 24, "fields": {"name": "Can view emi", "content_type": 6, "codename": "view_emi"}}, {"model": "auth.permission", "pk": 25, "fields": {"name": "Can add predefined attribute", "content_type": 7, "codename": "add_predefinedattribute"}}, {"model": "auth.permission", "pk": 26, "fields": {"name": "Can change predefined attribute", "content_type": 7, "codename": "change_predefinedattribute"}}, {"model": "auth.permission", "pk": 27, "fields": {"name": "Can delete predefined attribute", "content_type": 7, "codename": "delete_predefinedattribute"}}, {"model": "auth.permission", "pk": 28, "fields": {"name": "Can view predefined attribute", "content_type": 7, "codename": "view_predefinedattribute"}}, {"model": "auth.permission", "pk": 29, "fields": {"name": "Can add product", "content_type": 8, "codename": "add_product"}}, {"model": "auth.permission", "pk": 30, "fields": {"name": "Can change product", "content_type": 8, "codename": "change_product"}}, {"model": "auth.permission", "pk": 31, "fields": {"name": "Can delete product", "content_type": 8, "codename": "delete_product"}}, {"model": "auth.permission", "pk": 32, "fields": {"name": "Can view product", "content_type": 8, "codename": "view_product"}}, {"model": "auth.permission", "pk": 33, "fields": {"name": "Can add product attribute", "content_type": 9, "codename": "add_productattribute"}}, {"model": "auth.permission", "pk": 34, "fields": {"name": "Can change product attribute", "content_type": 9, "codename": "change_productattribute"}}, {"model": "auth.permission", "pk": 35, "fields": {"name": "Can delete product attribute", "content_type": 9, "codename": "delete_productattribute"}}, {"model": "auth.permission", "pk": 36, "fields": {"name": "Can view product attribute", "content_type": 9, "codename": "view_productattribute"}}, {"model": "auth.permission", "pk": 37, "fields": {"name": "Can add product image", "content_type": 10, "codename": "add_productimage"}}, {"model": "auth.permission", "pk": 38, "fields": {"name": "Can change product image", "content_type": 10, "codename": "change_productimage"}}, {"model": "auth.permission", "pk": 39, "fields": {"name": "Can delete product image", "content_type": 10, "codename": "delete_productimage"}}, {"model": "auth.permission", "pk": 40, "fields": {"name": "Can view product image", "content_type": 10, "codename": "view_productimage"}}, {"model": "auth.permission", "pk": 41, "fields": {"name": "Can add rating", "content_type": 11, "codename": "add_rating"}}, {"model": "auth.permission", "pk": 42, "fields": {"name": "Can change rating", "content_type": 11, "codename": "change_rating"}}, {"model": "auth.permission", "pk": 43, "fields": {"name": "Can delete rating", "content_type": 11, "codename": "delete_rating"}}, {"model": "auth.permission", "pk": 44, "fields": {"name": "Can view rating", "content_type": 11, "codename": "view_rating"}}, {"model": "auth.permission", "pk": 45, "fields": {"name": "Can add repliess", "content_type": 12, "codename": "add_repliess"}}, {"model": "auth.permission", "pk": 46, "fields": {"name": "Can change repliess", "content_type": 12, "codename": "change_repliess"}}, {"model": "auth.permission", "pk": 47, "fields": {"name": "Can delete repliess", "content_type": 12, "codename": "delete_repliess"}}, {"model": "auth.permission", "pk": 48, "fields": {"name": "Can view repliess", "content_type": 12, "codename": "view_repliess"}}, {"model": "auth.permission", "pk": 49, "fields": {"name": "Can add series", "content_type": 13, "codename": "add_series"}}, {"model": "auth.permission", "pk": 50, "fields": {"name": "Can change series", "content_type": 13, "codename": "change_series"}}, {"model": "auth.permission", "pk": 51, "fields": {"name": "Can delete series", "content_type": 13, "codename": "delete_series"}}, {"model": "auth.permission", "pk": 52, "fields": {"name": "Can view series", "content_type": 13, "codename": "view_series"}}, {"model": "auth.permission", "pk": 53, "fields": {"name": "Can add sub category", "content_type": 14, "codename": "add_subcategory"}}, {"model": "auth.permission", "pk": 54, "fields": {"name": "Can change sub category", "content_type": 14, "codename": "change_subcategory"}}, {"model": "auth.permission", "pk": 55, "fields": {"name": "Can delete sub category", "content_type": 14, "codename": "delete_subcategory"}}, {"model": "auth.permission", "pk": 56, "fields": {"name": "Can view sub category", "content_type": 14, "codename": "view_subcategory"}}, {"model": "auth.permission", "pk": 57, "fields": {"name": "Can add cart", "content_type": 15, "codename": "add_cart"}}, {"model": "auth.permission", "pk": 58, "fields": {"name": "Can change cart", "content_type": 15, "codename": "change_cart"}}, {"model": "auth.permission", "pk": 59, "fields": {"name": "Can delete cart", "content_type": 15, "codename": "delete_cart"}}, {"model": "auth.permission", "pk": 60, "fields": {"name": "Can view cart", "content_type": 15, "codename": "view_cart"}}, {"model": "auth.permission", "pk": 61, "fields": {"name": "Can add coupon", "content_type": 16, "codename": "add_coupon"}}, {"model": "auth.permission", "pk": 62, "fields": {"name": "Can change coupon", "content_type": 16, "codename": "change_coupon"}}, {"model": "auth.permission", "pk": 63, "fields": {"name": "Can delete coupon", "content_type": 16, "codename": "delete_coupon"}}, {"model": "auth.permission", "pk": 64, "fields": {"name": "Can view coupon", "content_type": 16, "codename": "view_coupon"}}, {"model": "auth.permission", "pk": 65, "fields": {"name": "Can add delivery", "content_type": 17, "codename": "add_delivery"}}, {"model": "auth.permission", "pk": 66, "fields": {"name": "Can change delivery", "content_type": 17, "codename": "change_delivery"}}, {"model": "auth.permission", "pk": 67, "fields": {"name": "Can delete delivery", "content_type": 17, "codename": "delete_delivery"}}, {"model": "auth.permission", "pk": 68, "fields": {"name": "Can view delivery", "content_type": 17, "codename": "view_delivery"}}, {"model": "auth.permission", "pk": 69, "fields": {"name": "Can add order", "content_type": 18, "codename": "add_order"}}, {"model": "auth.permission", "pk": 70, "fields": {"name": "Can change order", "content_type": 18, "codename": "change_order"}}, {"model": "auth.permission", "pk": 71, "fields": {"name": "Can delete order", "content_type": 18, "codename": "delete_order"}}, {"model": "auth.permission", "pk": 72, "fields": {"name": "Can view order", "content_type": 18, "codename": "view_order"}}, {"model": "auth.permission", "pk": 73, "fields": {"name": "Can add order item", "content_type": 19, "codename": "add_orderitem"}}, {"model": "auth.permission", "pk": 74, "fields": {"name": "Can change order item", "content_type": 19, "codename": "change_orderitem"}}, {"model": "auth.permission", "pk": 75, "fields": {"name": "Can delete order item", "content_type": 19, "codename": "delete_orderitem"}}, {"model": "auth.permission", "pk": 76, "fields": {"name": "Can view order item", "content_type": 19, "codename": "view_orderitem"}}, {"model": "auth.permission", "pk": 77, "fields": {"name": "Can add log entry", "content_type": 20, "codename": "add_logentry"}}, {"model": "auth.permission", "pk": 78, "fields": {"name": "Can change log entry", "content_type": 20, "codename": "change_logentry"}}, {"model": "auth.permission", "pk": 79, "fields": {"name": "Can delete log entry", "content_type": 20, "codename": "delete_logentry"}}, {"model": "auth.permission", "pk": 80, "fields": {"name": "Can view log entry", "content_type": 20, "codename": "view_logentry"}}, {"model": "auth.permission", "pk": 81, "fields": {"name": "Can add permission", "content_type": 21, "codename": "add_permission"}}, {"model": "auth.permission", "pk": 82, "fields": {"name": "Can change permission", "content_type": 21, "codename": "change_permission"}}, {"model": "auth.permission", "pk": 83, "fields": {"name": "Can delete permission", "content_type": 21, "codename": "delete_permission"}}, {"model": "auth.permission", "pk": 84, "fields": {"name": "Can view permission", "content_type": 21, "codename": "view_permission"}}, {"model": "auth.permission", "pk": 85, "fields": {"name": "Can add group", "content_type": 22, "codename": "add_group"}}, {"model": "auth.permission", "pk": 86, "fields": {"name": "Can change group", "content_type": 22, "codename": "change_group"}}, {"model": "auth.permission", "pk": 87, "fields": {"name": "Can delete group", "content_type": 22, "codename": "delete_group"}}, {"model": "auth.permission", "pk": 88, "fields": {"name": "Can view group", "content_type": 22, "codename": "view_group"}}, {"model": "auth.permission", "pk": 89, "fields": {"name": "Can add content type", "content_type": 23, "codename": "add_contenttype"}}, {"model": "auth.permission", "pk": 90, "fields": {"name": "Can change content type", "content_type": 23, "codename": "change_contenttype"}}, {"model": "auth.permission", "pk": 91, "fields": {"name": "Can delete content type", "content_type": 23, "codename": "delete_contenttype"}}, {"model": "auth.permission", "pk": 92, "fields": {"name": "Can view content type", "content_type": 23, "codename": "view_contenttype"}}, {"model": "auth.permission", "pk": 93, "fields": {"name": "Can add session", "content_type": 24, "codename": "add_session"}}, {"model": "auth.permission", "pk": 94, "fields": {"name": "Can change session", "content_type": 24, "codename": "change_session"}}, {"model": "auth.permission", "pk": 95, "fields": {"name": "Can delete session", "content_type": 24, "codename": "delete_session"}}, {"model": "auth.permission", "pk": 96, "fields": {"name": "Can view session", "content_type": 24, "codename": "view_session"}}, {"model": "auth.permission", "pk": 97, "fields": {"name": "Can add blog", "content_type": 25, "codename": "add_blog"}}, {"model": "auth.permission", "pk": 98, "fields": {"name": "Can change blog", "content_type": 25, "codename": "change_blog"}}, {"model": "auth.permission", "pk": 99, "fields": {"name": "Can delete blog", "content_type": 25, "codename": "delete_blog"}}, {"model": "auth.permission", "pk": 100, "fields": {"name": "Can view blog", "content_type": 25, "codename": "view_blog"}}, {"model": "auth.permission", "pk": 101, "fields": {"name": "Can add otp", "content_type": 26, "codename": "add_otp"}}, {"model": "auth.permission", "pk": 102, "fields": {"name": "Can change otp", "content_type": 26, "codename": "change_otp"}}, {"model": "auth.permission", "pk": 103, "fields": {"name": "Can delete otp", "content_type": 26, "codename": "delete_otp"}}, {"model": "auth.permission", "pk": 104, "fields": {"name": "Can view otp", "content_type": 26, "codename": "view_otp"}}, {"model": "auth.permission", "pk": 105, "fields": {"name": "Can add user", "content_type": 27, "codename": "add_user"}}, {"model": "auth.permission", "pk": 106, "fields": {"name": "Can change user", "content_type": 27, "codename": "change_user"}}, {"model": "auth.permission", "pk": 107, "fields": {"name": "Can delete user", "content_type": 27, "codename": "delete_user"}}, {"model": "auth.permission", "pk": 108, "fields": {"name": "Can view user", "content_type": 27, "codename": "view_user"}}, {"model": "contenttypes.contenttype", "pk": 1, "fields": {"app_label": "authtoken", "model": "token"}}, {"model": "contenttypes.contenttype", "pk": 2, "fields": {"app_label": "authtoken", "model": "tokenproxy"}}, {"model": "contenttypes.contenttype", "pk": 3, "fields": {"app_label": "shop", "model": "brand"}}, {"model": "contenttypes.contenttype", "pk": 4, "fields": {"app_label": "shop", "model": "category"}}, {"model": "contenttypes.contenttype", "pk": 5, "fields": {"app_label": "shop", "model": "comment"}}, {"model": "contenttypes.contenttype", "pk": 6, "fields": {"app_label": "shop", "model": "emi"}}, {"model": "contenttypes.contenttype", "pk": 7, "fields": {"app_label": "shop", "model": "predefinedattribute"}}, {"model": "contenttypes.contenttype", "pk": 8, "fields": {"app_label": "shop", "model": "product"}}, {"model": "contenttypes.contenttype", "pk": 9, "fields": {"app_label": "shop", "model": "productattribute"}}, {"model": "contenttypes.contenttype", "pk": 10, "fields": {"app_label": "shop", "model": "productimage"}}, {"model": "contenttypes.contenttype", "pk": 11, "fields": {"app_label": "shop", "model": "rating"}}, {"model": "contenttypes.contenttype", "pk": 12, "fields": {"app_label": "shop", "model": "repliess"}}, {"model": "contenttypes.contenttype", "pk": 13, "fields": {"app_label": "shop", "model": "series"}}, {"model": "contenttypes.contenttype", "pk": 14, "fields": {"app_label": "shop", "model": "subcategory"}}, {"model": "contenttypes.contenttype", "pk": 15, "fields": {"app_label": "cart", "model": "cart"}}, {"model": "contenttypes.contenttype", "pk": 16, "fields": {"app_label": "cart", "model": "coupon"}}, {"model": "contenttypes.contenttype", "pk": 17, "fields": {"app_label": "cart", "model": "delivery"}}, {"model": "contenttypes.contenttype", "pk": 18, "fields": {"app_label": "cart", "model": "order"}}, {"model": "contenttypes.contenttype", "pk": 19, "fields": {"app_label": "cart", "model": "orderitem"}}, {"model": "contenttypes.contenttype", "pk": 20, "fields": {"app_label": "admin", "model": "logentry"}}, {"model": "contenttypes.contenttype", "pk": 21, "fields": {"app_label": "auth", "model": "permission"}}, {"model": "contenttypes.contenttype", "pk": 22, "fields": {"app_label": "auth", "model": "group"}}, {"model": "contenttypes.contenttype", "pk": 23, "fields": {"app_label": "contenttypes", "model": "contenttype"}}, {"model": "contenttypes.contenttype", "pk": 24, "fields": {"app_label": "sessions", "model": "session"}}, {"model": "contenttypes.contenttype", "pk": 25, "fields": {"app_label": "blog", "model": "blog"}}, {"model": "contenttypes.contenttype", "pk": 26, "fields": {"app_label": "userauth", "model": "otp"}}, {"model": "contenttypes.contenttype", "pk": 27, "fields": {"app_label": "userauth", "model": "user"}}, {"model": "sessions.session", "pk": "2k069tmhymxwzauha4mo9s932ehnamuu", "fields": {"session_data": ".eJxVjDsOwjAQBe_iGllr4S8lPWewdtc2DiBbipMq4u4QKQW0b2beJiKuS43ryHOckrgIJU6_GyE_c9tBemC7d8m9LfNEclfkQYe89ZRf18P9O6g46rcGey7MGpVLBg0F5uCMcwDalKwNWqYQMnpQzDl5i05pTx588ga4kHh_AOwsODw:1tzbJ9:AmbT73sB6m43MQQ7v6hWKFIpLQtE6EG6aftS5QHXqIk", "expire_date": "2025-04-15T13:05:35.742Z"}}, {"model": "sessions.session", "pk": "30ds768bcrvqd69digus0bgzvi2rfr2b", "fields": {"session_data": ".eJxVjDsOwjAQBe_iGllr4S8lPWewdtc2DiBbipMq4u4QKQW0b2beJiKuS43ryHOckrgIJU6_GyE_c9tBemC7d8m9LfNEclfkQYe89ZRf18P9O6g46rcGey7MGpVLBg0F5uCMcwDalKwNWqYQMnpQzDl5i05pTx588ga4kHh_AOwsODw:1tzcl7:Gf4LpCU9tfTmv-6SlYDI7hEmF91QSnWBw9FR47ituUU", "expire_date": "2025-04-15T14:38:33.117Z"}}, {"model": "sessions.session", "pk": "dxs09q1n1aes3qb8bupkjplj6prq36ig", "fields": {"session_data": ".eJxVjDsOwjAQBe_iGllr4S8lPWewdtc2DiBbipMq4u4QKQW0b2beJiKuS43ryHOckrgIJU6_GyE_c9tBemC7d8m9LfNEclfkQYe89ZRf18P9O6g46rcGey7MGpVLBg0F5uCMcwDalKwNWqYQMnpQzDl5i05pTx588ga4kHh_AOwsODw:1tzbKG:QeOpF2LhRkj_5O9gavZrHxEBjcrwcMNylwLN5sVQEpI", "expire_date": "2025-04-15T13:06:44.736Z"}}, {"model": "sessions.session", "pk": "g619bsujvm9cc08mufns3wy195imidis", "fields": {"session_data": ".eJxVjDsOwjAQBe_iGllr4S8lPWewdtc2DiBbipMq4u4QKQW0b2beJiKuS43ryHOckrgIJU6_GyE_c9tBemC7d8m9LfNEclfkQYe89ZRf18P9O6g46rcGey7MGpVLBg0F5uCMcwDalKwNWqYQMnpQzDl5i05pTx588ga4kHh_AOwsODw:1tzwOn:SiIoFknMOLjj0s-PLICmNoaUzrksb9QTMyx7ZFAiA84", "expire_date": "2025-04-16T11:36:49.056Z"}}, {"model": "sessions.session", "pk": "nrwx4vof5fqayklpiear345uf1anc1xs", "fields": {"session_data": ".eJxVjDsOwjAQBe_iGllr4S8lPWewdtc2DiBbipMq4u4QKQW0b2beJiKuS43ryHOckrgIJU6_GyE_c9tBemC7d8m9LfNEclfkQYe89ZRf18P9O6g46rcGey7MGpVLBg0F5uCMcwDalKwNWqYQMnpQzDl5i05pTx588ga4kHh_AOwsODw:1u0PAA:1Fss360_lTDYa1WhVZNu4HqJkGGCREvDJQPRXa2nP2k", "expire_date": "2025-04-17T18:19:38.796Z"}}, {"model": "userauth.user", "pk": 1, "fields": {"password": "pbkdf2_sha256$720000$wgw7dJBTFQFoycWm4QTTK8$KfK0QX/e8ydnp9oCZLlgEOA5b4vn2NQWAbam24tiAsU=", "last_login": "2025-04-03T18:19:38.793Z", "email": "officialbibhab@gmail.com", "name": "Bibhab Basnet", "uuid": "dc2c5335-59fc-4f02-a726-2584bf41a9d4", "is_active": true, "is_superuser": true, "is_staff": true, "dp": "", "bio": "", "google_id": null, "user_permissions": [], "groups": []}}]